date,temperature_2m_mean,precipitation_sum,temperature_2m_max,temperature_2m_min,relative_humidity_2m_mean,wind_speed_10m_max,sunshine_duration,year
2022-07-03,16.189837,0.0,21.2565,10.4065,69.90209,17.727943,51586.633,2022
2022-07-04,16.414833,0.0,21.456501,9.7565,65.31194,19.05281,54555.47,2022
2022-07-05,16.510668,0.0,21.7565,9.9065,65.81955,18.864824,44365.246,2022
2022-07-06,18.529417,0.0,23.9065,11.606501,64.04554,21.218632,32303.293,2022
2022-07-07,19.660666,0.0,24.0565,16.1565,60.512024,18.947083,40209.44,2022
2022-07-08,20.53567,0.0,26.8565,12.606501,63.068573,13.276144,52462.734,2022
2022-07-09,20.404417,0.0,25.6065,14.606501,59.09582,14.917212,53759.926,2022
2022-07-10,20.998167,0.0,27.4065,13.1565,59.405865,15.256526,53700.547,2022
2022-07-11,23.248167,0.0,29.706501,14.9565,49.067387,15.7908325,44270.582,2022
2022-07-12,24.125252,0.0,30.1565,18.0065,52.578884,20.188908,34455.81,2022
2022-07-13,23.07525,0.4,27.0065,18.956501,55.105877,12.475961,42105.16,2022
2022-07-14,19.525251,0.0,24.3065,14.356501,56.82437,20.188908,52934.637,2022
2022-07-15,19.25025,0.0,24.9065,12.5565,52.394215,19.0392,49308.387,2022
2022-07-16,20.519,0.0,27.0565,12.9565,56.32791,13.004921,52131.87,2022
2022-07-17,22.662748,0.0,29.4065,14.856501,49.29007,15.141414,51534.68,2022
2022-07-18,27.231497,0.0,35.0065,19.0065,37.050804,14.57889,52209.863,2022
2022-07-19,29.121086,0.9,37.9065,20.8065,39.076336,22.461807,49277.203,2022
2022-07-20,21.35025,1.7,25.6065,18.206501,72.462975,24.522314,37103.883,2022
2022-07-21,20.446083,0.6,24.0565,17.0065,67.6372,16.595179,29614.047,2022
2022-07-22,18.816916,2.5000002,21.8065,16.3065,68.371574,19.813087,35017.195,2022
2022-07-23,19.427334,0.1,26.1065,13.7565,69.48512,23.993399,42342.324,2022
2022-07-24,20.821081,4.1000004,26.6565,16.7565,67.25539,27.07669,46800.0,2022
2022-07-25,19.904415,0.0,24.0065,17.3065,65.722084,28.146843,43681.902,2022
2022-07-26,17.669,0.2,20.8565,14.4065,64.41375,14.003028,23687.414,2022
2022-07-27,17.4315,0.1,21.0565,12.2565,65.70406,17.298738,28355.7,2022
2022-07-28,18.135668,1.6,21.4065,15.5565,60.193768,18.806337,37987.973,2022
2022-07-29,19.802336,0.0,25.7565,13.0565,58.610077,12.224107,48567.844,2022
2022-07-30,20.712751,0.0,25.6065,15.3065,63.60136,17.673029,41500.984,2022
2022-07-31,21.314833,0.6,25.5565,17.8065,72.90444,29.144438,27546.055,2022
2022-08-01,20.698168,0.0,25.3065,16.956501,66.91178,16.704155,28265.215,2022
2022-08-02,21.064835,0.2,25.3565,17.5565,75.873985,25.582806,26291.65,2022
2022-08-03,21.808584,0.0,27.0065,17.1065,75.13099,24.693481,34231.547,2022
2022-08-04,20.123167,0.0,24.2565,16.7565,57.264053,17.698677,40339.63,2022
2022-08-05,17.896082,0.0,21.7565,13.7565,46.152893,18.35647,40565.56,2022
2022-08-06,17.435667,0.0,23.1065,10.5065,53.386703,13.237039,49947.195,2022
2022-08-07,19.579418,0.0,26.1065,12.6565,57.62306,11.013882,49862.316,2022
2022-08-08,20.856499,0.0,27.9065,13.5565,59.43529,19.164719,49777.254,2022
2022-08-09,20.691917,0.0,27.4065,14.2065,64.304344,19.164719,49674.773,2022
2022-08-10,21.477335,0.0,28.6565,14.3065,61.814667,16.563911,49487.25,2022
2022-08-11,23.100252,0.0,31.3565,15.2065,56.310806,18.391735,49298.32,2022
2022-08-12,24.158585,0.0,31.7565,16.456501,50.489147,19.44,49106.723,2022
2022-08-13,25.096085,0.0,32.8565,17.1065,47.51692,17.0763,48912.383,2022
2022-08-14,25.202332,0.0,31.956501,17.5065,46.521214,17.462784,40797.12,2022
2022-08-15,23.091919,0.7,28.6065,17.3565,54.279602,19.174856,40347.656,2022
2022-08-16,19.835669,3.6,22.6565,17.706501,78.92204,18.218275,19259.326,2022
2022-08-17,19.858583,1.1,23.9065,15.856501,77.4992,20.12461,41138.266,2022
2022-08-18,19.93775,0.6,25.1565,14.8065,74.10445,16.434305,46616.84,2022
2022-08-19,20.098166,0.9,23.2565,16.5565,66.652084,20.172853,45819.47,2022
2022-08-20,18.227333,0.0,23.3565,12.9565,68.11381,22.45315,43181.453,2022
2022-08-21,18.460667,0.0,23.6065,13.356501,69.11554,13.0447235,41097.19,2022
2022-08-22,17.977335,2.7,22.0065,11.9565,79.701805,15.937878,21232.973,2022
2022-08-23,21.043999,0.5,25.3565,18.456501,80.57263,19.191748,25544.352,2022
2022-08-24,22.187752,0.6,27.1565,18.5565,74.341835,17.935081,38936.285,2022
2022-08-25,18.310667,17.1,20.8065,14.9565,87.84069,15.137133,9047.24,2022
2022-08-26,18.039831,0.0,22.8065,12.2565,73.06281,8.287822,40456.637,2022
2022-08-27,17.956501,0.3,23.206501,12.9065,75.31097,16.563911,44528.184,2022
2022-08-28,17.439835,0.0,22.3065,12.9565,72.71587,18.720001,36399.15,2022
2022-08-29,17.248169,0.1,21.3565,13.8065,70.24195,20.188908,34170.164,2022
2022-08-30,18.23775,0.0,23.1065,13.9565,67.88121,23.277834,26031.05,2022
2022-08-31,17.910667,0.2,23.2565,13.4065,63.992035,24.881702,43691.992,2022
2022-09-01,18.933584,0.70000005,23.8565,15.2565,68.35883,23.587555,32132.84,2022
2022-09-02,18.944,1.0,24.206501,15.2065,75.205345,14.707222,28403.818,2022
2022-09-03,18.854418,1.4000001,24.1065,13.6565,77.641426,19.966211,41561.258,2022
2022-09-04,19.550251,0.4,23.5565,15.7065,73.26091,22.725668,31268.244,2022
2022-09-05,19.644001,4.9,23.6565,16.1065,75.639305,21.407139,38540.9,2022
2022-09-06,18.050251,8.700001,23.0565,15.106501,83.67256,27.852928,23990.885,2022
2022-09-07,17.23775,4.4,21.0065,15.0565,81.19114,21.794127,38470.938,2022
2022-09-08,15.737751,4.6000004,19.4065,13.5065,85.71655,22.380884,27900.95,2022
2022-09-09,16.169,1.1000001,19.956501,13.356501,82.153984,18.03237,41167.684,2022
2022-09-10,16.471083,0.8,20.9065,13.0065,83.04965,12.371645,33152.64,2022
2022-09-11,17.152332,0.0,22.5565,12.606501,81.58264,15.484185,34972.062,2022
2022-09-12,19.59817,0.8,24.706501,14.6565,76.111694,12.979984,36359.3,2022
2022-09-13,17.389835,2.7999997,20.206501,15.856501,86.25924,16.299694,4659.0996,2022
2022-09-14,17.039833,5.299999,20.7565,14.4565,79.4332,13.281023,38146.15,2022
2022-09-15,14.994002,0.8,18.5065,11.606501,72.474686,15.379206,28892.752,2022
2022-09-16,12.473166,0.1,16.1565,8.1565,63.83609,21.915693,41496.91,2022
2022-09-17,11.287749,0.0,16.3065,6.4564996,60.511677,18.289274,41265.023,2022
2022-09-18,12.546082,0.0,17.956501,7.9065,70.22329,22.322903,35257.75,2022
2022-09-19,13.279418,0.3,16.8565,8.9565,73.13983,8.557102,19072.723,2022
2022-09-20,14.2023325,0.0,19.0565,9.3065,72.479454,8.161764,38532.92,2022
2022-09-21,14.968999,0.0,19.1065,9.3065,72.96189,8.209263,25635.123,2022
2022-09-22,14.808582,0.0,19.9065,8.9565,75.9728,17.106628,34873.508,2022
2022-09-23,15.129414,2.6,18.206501,12.4565,82.69937,15.281989,17987.156,2022
2022-09-24,13.164834,0.2,17.456501,9.2565,74.87365,19.296133,34522.336,2022
2022-09-25,12.271085,0.0,15.8065,7.8564997,69.70483,16.311613,23782.52,2022
2022-09-26,12.566916,1.7,15.4565,10.1565,72.85763,27.103003,18442.195,2022
2022-09-27,10.9565,2.3999999,14.1565,7.8564997,72.5979,26.089443,14581.028,2022
2022-09-28,10.031499,0.1,14.6565,5.7064996,75.296486,16.704155,38001.465,2022
2022-09-29,10.258584,0.0,15.7065,5.0065,77.62514,10.691453,37279.29,2022
2022-09-30,11.479417,5.3999996,16.456501,5.2064996,86.18389,34.94968,15911.734,2022
2022-10-01,14.933583,0.2,18.5565,10.9065,74.460236,25.6233,37417.934,2022
2022-10-02,14.019001,0.4,17.956501,9.856501,77.729256,15.844089,22731.664,2022
2022-10-03,12.304417,0.0,18.1565,6.6064997,83.28844,13.979871,16713.617,2022
2022-10-04,15.391915,0.3,18.1565,12.0565,83.34678,27.776047,11321.669,2022
2022-10-05,15.71275,0.90000004,18.6565,11.606501,77.50529,44.431934,10099.471,2022
2022-10-06,12.816917,0.0,18.0065,7.7565,73.19276,24.57511,36346.195,2022
2022-10-07,14.408582,0.5,18.206501,11.606501,79.21076,31.542658,34201.59,2022
2022-10-08,11.085667,0.0,16.0565,6.9564996,76.78227,13.084402,35833.84,2022
2022-10-09,11.366917,0.0,17.456501,5.5065,75.81783,19.559633,35594.977,2022
2022-10-10,12.068999,1.5,16.1565,7.4065,76.006195,17.654686,24329.033,2022
2022-10-11,9.329417,0.0,14.6565,4.7565,77.8141,11.019764,35044.94,2022
2022-10-12,11.60025,1.3,17.1565,5.6565,81.58378,21.67786,26151.07,2022
2022-10-13,13.410667,9.3,16.3565,10.4065,87.202736,13.779114,30247.861,2022
2022-10-14,11.944,1.2,15.106501,9.1565,91.92536,15.192682,3185.984,2022
2022-10-15,12.300248,0.2,16.6065,7.4065,82.374535,29.957968,28800.0,2022
2022-10-16,13.741918,8.9,16.5065,10.0565,73.70405,24.442913,21600.0,2022
2022-10-17,15.252332,3.4,18.1065,10.0065,81.74238,20.674158,25318.08,2022
2022-10-18,11.271083,0.0,17.4065,6.3065,86.591705,15.815435,32529.432,2022
2022-10-19,13.958584,2.3,16.1565,11.6565,84.66212,30.54701,32540.578,2022
2022-10-20,13.908585,10.0,16.6065,10.3065,92.69705,15.39184,16343.615,2022
2022-10-21,14.675251,5.899999,17.6065,10.106501,85.248474,28.988384,23108.912,2022
2022-10-22,14.693999,0.2,17.456501,11.856501,84.45516,23.950148,25615.758,2022
2022-10-23,15.364831,12.499999,18.4065,13.2565,86.54366,27.475807,13224.051,2022
2022-10-24,13.60025,1.7000002,17.3565,11.5065,83.76472,30.432245,25361.42,2022
2022-10-25,13.583583,0.2,16.8565,10.3065,84.57503,19.486609,31409.38,2022
2022-10-26,15.860667,0.6,18.706501,13.0065,82.38379,31.353085,27809.56,2022
2022-10-27,16.287748,3.9999995,20.1565,11.9565,87.439766,26.867676,20703.676,2022
2022-10-28,15.446082,0.1,18.4065,10.5065,85.1397,28.8,23060.236,2022
2022-10-29,16.296083,3.0,21.3065,10.5065,85.84326,17.31746,21600.0,2022
2022-10-30,14.327334,1.3000001,15.6565,12.1565,85.822395,24.336637,7200.0,2022
2022-10-30,14.062749,6.6000004,17.0065,11.5565,85.785736,24.905132,25739.729,2022
2022-10-31,12.614835,4.1999993,14.606501,10.2065,79.59417,43.992233,24805.602,2022
2022-11-01,12.0252495,2.5,15.2065,8.356501,73.17313,36.115017,24104.492,2022
2022-11-02,10.473166,28.1,13.2565,5.5565,89.6787,26.405453,2863.5764,2022
2022-11-03,8.47525,3.1,12.3065,6.0065,86.25646,17.826363,29803.025,2022
2022-11-04,9.6315,2.8999999,13.7565,4.7565,89.87258,25.49908,0.0,2022
2022-11-05,12.739834,20.399998,14.106501,10.2065,89.30646,24.640942,1503.6301,2022
2022-11-06,12.83775,1.4000001,14.5565,10.5565,84.0352,33.11413,3567.6443,2022
2022-11-07,13.048165,4.7000003,15.2065,11.1565,80.01156,34.882866,23584.814,2022
2022-11-08,11.329417,0.0,14.0065,9.5565,80.65212,28.576382,27917.668,2022
2022-11-09,12.835668,0.0,15.356501,9.2565,82.573746,32.726357,13159.725,2022
2022-11-10,13.675251,0.0,15.7565,7.8564997,86.98098,28.357855,22480.281,2022
2022-11-11,11.687749,0.0,16.3065,8.4065,92.82775,12.10157,27466.24,2022
2022-11-12,10.687752,0.0,15.356501,7.5565,95.51203,12.768586,27374.123,2022
2022-11-13,10.86275,0.3,15.106501,6.4564996,94.418495,20.150354,2785.3032,2022
2022-11-14,11.110667,8.900001,13.9065,8.7565,85.27554,31.104082,5572.2285,2022
2022-11-15,9.710668,19.4,12.106501,7.9065,84.7703,29.519999,18000.0,2022
2022-11-16,9.581499,6.899999,11.3065,7.7064996,85.21459,33.549606,8675.069,2022
2022-11-17,8.404417,2.1999998,11.356501,5.4564996,80.81371,23.565567,26554.57,2022
2022-11-18,6.7002506,0.3,10.5065,3.8565,89.131775,17.595861,25119.434,2022
2022-11-19,7.1898346,6.1000004,10.5565,2.3065,86.17643,22.68,21600.0,2022
2022-11-20,5.81275,7.9,9.1565,1.8065,88.916115,38.30576,0.0,2022
2022-11-21,5.764834,0.1,9.8065,2.8065,87.79758,25.6233,25832.67,2022
2022-11-22,8.214833,5.8,11.4565,2.5065,83.364555,35.09954,17769.246,2022
2022-11-23,9.023168,2.9,12.5065,5.8065,82.7764,31.912327,17858.725,2022
2022-11-24,8.33775,0.0,11.606501,6.1565,83.63717,21.407139,25387.998,2022
2022-11-25,9.662749,0.9000001,12.2565,5.9065,88.52424,28.442278,12315.582,2022
2022-11-26,11.316917,10.8,12.7565,9.2565,92.49709,30.259275,0.0,2022
2022-11-27,7.4210835,1.5,10.4565,3.0565,92.324,10.365251,21240.934,2022
2022-11-28,6.629416,0.0,7.2565,4.4065,94.827446,9.726665,0.0,2022
2022-11-29,6.5460835,0.1,8.7565,3.5565,93.79485,8.435069,11744.133,2022
2022-11-30,4.8190002,0.0,6.9564996,2.9065,96.692535,10.483357,15129.665,2022
2022-12-01,4.994,0.3,7.6064997,3.2565,91.59734,20.12461,14979.159,2022
2022-12-02,5.960666,0.0,7.4065,5.1064997,78.85259,24.063513,7200.0,2022
2022-12-03,5.0252504,1.6000001,5.9564996,4.0565,82.49163,21.129885,0.0,2022
2022-12-04,6.3585835,0.0,8.2565,4.5565,83.24543,17.786331,10230.148,2022
2022-12-05,4.6440005,0.0,6.4065,3.1565,87.906166,13.797913,23041.008,2022
2022-12-06,1.0065001,0.0,4.5565,-2.5435,91.646965,11.681987,23385.768,2022
2022-12-07,-1.9310001,0.0,2.7565,-3.9935,90.00715,11.525623,23415.857,2022
2022-12-08,-2.3497498,0.0,2.7065,-4.3435,91.356026,11.27553,23333.084,2022
2022-12-09,-1.9851665,0.0,2.9065,-3.8935,93.169,11.525623,23201.479,2022
2022-12-10,-2.451833,0.70000005,-0.7935,-4.1435003,97.22831,11.384199,2688.0503,2022
2022-12-11,-0.060166683,0.2,1.4565,-2.3435,91.33954,12.413476,6641.2944,2022
2022-12-12,-1.6476666,0.0,0.7065,-3.1935,90.39562,10.853866,1201.6095,2022
2022-12-13,-1.3289168,0.0,0.6565,-4.7435,90.341194,15.683776,21968.533,2022
2022-12-14,-3.0185,0.0,0.7065,-5.1935,83.80886,10.853866,22935.312,2022
2022-12-15,-2.7893333,0.0,1.6065,-5.4935,91.27319,12.287555,22625.795,2022
2022-12-16,-0.8143336,0.0,5.0065,-5.4435,87.93167,16.179985,16967.316,2022
2022-12-17,1.57525,9.9,8.0065,-3.6935,91.972595,30.574575,0.0,2022
2022-12-18,11.673168,4.9,12.8065,8.5565,89.270195,37.30302,0.0,2022
2022-12-19,9.383584,3.4999998,12.606501,3.9565,88.81672,33.043606,21911.37,2022
2022-12-20,6.960667,0.90000004,10.606501,3.5565,91.002205,20.674156,11135.307,2022
2022-12-21,8.0315,0.8000001,11.0065,3.6565,95.92864,18.089775,0.0,2022
2022-12-22,9.385667,7.8,12.7065,7.7064996,90.69785,25.40743,14603.5,2022
2022-12-23,8.391916,0.0,10.8065,5.7064996,91.04306,21.42227,17732.877,2022
2022-12-24,9.814834,0.1,11.0565,8.2565,91.33743,20.746122,7338.173,2022
2022-12-25,6.16275,0.0,9.5065,2.9565,84.20111,25.862436,22593.145,2022
2022-12-26,5.962751,3.8000002,9.856501,1.9065,87.91989,34.65175,9291.783,2022
2022-12-27,10.529416,4.0,11.4065,9.606501,88.84268,37.56786,0.0,2022
2022-12-28,7.9440002,0.3,9.7565,4.9564996,77.92037,33.371437,22468.969,2022
2022-12-29,9.364834,5.8999996,13.1565,4.5565,87.493385,35.747112,998.87976,2022
2022-12-30,12.094001,10.599999,13.1565,9.7065,88.3833,35.812313,0.0,2022
2022-12-31,10.389833,3.9,12.0565,8.6565,82.97284,34.131718,6425.7754,2022
2023-01-01,5.8440013,0.6,8.5065,0.9565,90.53007,15.546833,19938.635,2023
2023-01-02,7.8502507,3.2,12.3065,1.2565,90.84516,37.39324,0.0,2023
2023-01-03,11.906501,0.9000001,13.0565,9.9065,84.79922,35.893642,15733.188,2023
2023-01-04,10.454417,0.1,12.9065,7.7565,87.26871,28.856194,2626.2478,2023
2023-01-05,9.55025,1.2,11.9565,5.7064996,86.8537,32.25166,15546.297,2023
2023-01-06,10.27525,5.0,11.606501,7.2565,84.24953,36.71294,0.0,2023
2023-01-07,7.3190007,1.4000001,8.9065,4.7565,83.0768,28.82249,13619.212,2023
2023-01-08,5.7148337,0.7,8.2565,4.0565,81.57516,25.959969,24044.146,2023
2023-01-09,8.23775,6.3999996,12.5065,3.1565,87.35171,36.659946,0.0,2023
2023-01-10,8.746083,2.5999994,12.0565,6.6064997,82.02747,34.488674,16473.715,2023
2023-01-11,10.454417,5.699999,12.106501,7.1064997,85.93283,40.68159,0.0,2023
2023-01-12,7.4481664,0.0,10.2065,5.0065,73.5937,33.851486,24431.13,2023
2023-01-13,8.896083,11.4,12.106501,5.6565,82.72671,40.449966,3600.0,2023
2023-01-14,4.816916,0.0,7.6565,1.0565,75.32126,29.574827,24570.424,2023
2023-01-15,2.3856666,13.400001,5.0065,-4.0435004,88.410774,27.887802,13319.698,2023
2023-01-16,-2.2476666,0.0,2.4565,-4.6935,87.93576,9.659814,22759.297,2023
2023-01-17,-0.49975014,0.0,4.5065,-3.7435,86.83325,17.208603,25662.73,2023
2023-01-18,-0.3872501,0.0,4.0565,-3.2935,90.0868,10.829959,25841.447,2023
2023-01-19,1.6460832,0.0,5.9564996,-1.1935,85.761406,17.709658,26025.81,2023
2023-01-20,1.2481666,0.0,5.3065,-2.2435,91.30969,11.165805,25432.69,2023
2023-01-21,-1.8330832,0.0,1.5065,-3.5935,94.12632,5.3999996,16980.637,2023
2023-01-22,-1.1893332,0.0,3.2065,-4.1435003,85.659645,6.638072,20440.506,2023
2023-01-23,1.7731667,0.0,4.7565,-1.6935,90.69178,9.565437,22140.309,2023
2023-01-24,0.6085834,1.7000002,5.7064996,-2.3935,94.40256,18.94024,0.0,2023
2023-01-25,4.6815004,0.3,7.8065,2.7065,88.98217,23.688984,11112.237,2023
2023-01-26,4.023167,0.0,7.1064997,-1.4935,83.922585,21.485697,14849.975,2023
2023-01-27,2.1106665,0.0,6.0565,-2.1935,87.67841,11.246759,24186.395,2023
2023-01-28,4.3440003,0.0,8.0565,0.30650002,91.7472,25.294964,10658.197,2023
2023-01-29,6.0273337,0.0,8.9565,1.1065,83.05595,23.452555,27710.82,2023
2023-01-30,6.2044177,0.1,11.4065,1.1565,83.18157,25.56,22552.05,2023
2023-01-31,6.262751,0.0,9.8065,3.2065,78.58818,31.06239,17008.912,2023
2023-02-01,7.6815,0.2,11.106501,4.4065,86.40684,27.0024,11522.435,2023
2023-02-02,9.412751,0.0,12.3065,6.3564997,85.671165,22.702845,24419.012,2023
2023-02-03,7.4065003,0.5,9.4065,4.9564996,86.93816,13.339445,1640.4929,2023
2023-02-04,4.98775,0.0,8.5065,-0.2435,81.22254,16.854767,28145.758,2023
2023-02-05,2.23775,0.0,8.356501,-0.7935,89.04941,11.753877,29682.127,2023
2023-02-06,1.2814997,0.0,5.8564997,-1.2935,93.17096,10.636766,20833.287,2023
2023-02-07,0.4815,0.0,7.2064996,-2.9935,90.05194,12.015589,30141.53,2023
2023-02-08,2.285667,0.0,9.2565,-1.5435,85.27247,11.709688,23295.275,2023
2023-02-09,2.2481668,0.0,7.8564997,-2.8435,87.9609,16.854767,28719.002,2023
2023-02-10,7.9044156,0.0,10.606501,6.1064997,86.93159,12.661564,8392.475,2023
2023-02-11,7.2544174,0.0,9.2065,5.6064997,82.93986,11.966953,4597.027,2023
2023-02-12,5.7648335,0.0,11.4065,1.9065,86.911285,12.57426,30981.953,2023
2023-02-13,5.1044164,0.0,12.8065,0.8565,87.9959,13.755579,31241.936,2023
2023-02-14,6.4627495,0.0,12.9065,1.1065,82.901535,19.33639,30001.38,2023
2023-02-15,9.583583,3.9,12.106501,7.3564997,90.79993,24.344624,0.0,2023
2023-02-16,11.633583,0.1,13.5565,9.356501,86.83691,36.204617,6589.1436,2023
2023-02-17,11.058582,0.70000005,12.8065,8.5565,85.01883,27.276978,0.0,2023
2023-02-18,8.6710825,0.0,12.1565,6.2064996,80.068054,18.514643,31687.13,2023
2023-02-19,9.160666,0.0,12.4065,6.1565,85.07648,27.558228,15914.544,2023
2023-02-20,8.185667,0.0,10.856501,4.5065,89.66924,13.217443,5637.428,2023
2023-02-21,5.9231663,4.1000004,8.5065,3.4565,92.69811,12.6462,540.02905,2023
2023-02-22,5.871083,1.7000002,8.3065,2.2565,83.77239,23.871555,3168.296,2023
2023-02-23,3.9356668,0.0,9.1565,-1.1435,82.595566,15.226764,7066.364,2023
2023-02-24,4.2481666,0.0,7.3065,1.6565,76.44573,26.980793,30693.52,2023
2023-02-25,4.0794168,0.0,7.7064996,1.1065,66.240776,27.598173,23939.371,2023
2023-02-26,3.7689998,0.0,7.6064997,-0.4935,70.900246,20.88,6622.719,2023
2023-02-27,4.5523334,0.70000005,7.9065,0.5565,80.93435,27.345785,9485.101,2023
2023-02-28,5.289834,0.6,7.2064996,3.9065,83.52862,19.228851,3643.0142,2023
2023-03-01,4.0294166,0.0,8.8065,0.30650002,79.17039,24.514387,35002.2,2023
2023-03-02,3.8460834,0.4,6.3564997,0.9065,80.22879,19.64228,0.0,2023
2023-03-03,5.0169168,0.0,6.8065,3.3065,76.237976,15.484185,2250.211,2023
2023-03-04,3.2481668,0.3,4.9065,-0.0935,72.79469,13.513193,15362.092,2023
2023-03-05,3.6835835,1.6000001,8.856501,-1.7435,87.657326,22.45315,7658.207,2023
2023-03-06,2.9898336,4.1,4.4564996,-1.7935,86.70673,12.879752,114.50311,2023
2023-03-07,1.2335833,12.999999,2.5065,-2.0935,95.71332,23.34455,0.0,2023
2023-03-08,6.1065,5.9999995,11.8065,1.9565,93.121185,20.972897,1131.8806,2023
2023-03-09,4.3002505,4.6,8.5565,-1.5935,85.049614,33.190357,21352.176,2023
2023-03-10,2.4231665,1.1,7.8564997,-3.5935,76.52422,16.676977,20115.887,2023
2023-03-11,9.841916,1.2,12.9065,5.7565,84.72394,30.962091,12704.205,2023
2023-03-12,11.689835,0.9000001,13.9065,9.606501,81.23606,50.425705,30088.467,2023
2023-03-13,6.391918,5.7,9.7565,3.8565,72.568634,26.674032,21762.775,2023
2023-03-14,4.4773335,1.7,8.356501,-1.0435,83.2845,22.033648,18280.45,2023
2023-03-15,10.31275,2.3999999,13.9565,7.5065,82.48987,28.079998,9035.431,2023
2023-03-16,10.760667,1.9000002,13.606501,8.4065,90.184135,19.513195,13982.676,2023
2023-03-17,10.068999,3.9999998,13.0565,8.0565,86.01285,14.044615,19464.455,2023
2023-03-18,8.252334,1.7000002,10.5565,5.3065,77.233246,19.681828,23088.031,2023
2023-03-19,9.731501,3.2000003,12.8065,7.1064997,86.19744,25.582806,579.8032,2023
2023-03-20,10.708583,1.5000001,13.9565,8.5565,82.59408,31.060303,27766.611,2023
2023-03-21,11.314834,2.2,14.5065,10.0065,81.8902,35.008957,10800.0,2023
2023-03-22,10.796085,8.9,13.856501,7.8564997,79.75414,36.161636,30435.139,2023
2023-03-23,9.714834,1.7,12.8065,7.3065,79.740364,35.428463,39589.54,2023
2023-03-24,9.977334,0.5,13.5065,7.5065,69.9192,38.540184,37690.66,2023
2023-03-25,7.493999,8.1,8.6565,3.1565,84.505424,22.226902,732.3001,2023
2023-03-27,5.2981668,0.0,9.606501,1.8065,69.67991,9.779817,35485.22,2023
2023-03-28,6.9939995,1.9000001,9.0065,3.4065,77.58016,25.842384,0.0,2023
2023-03-29,11.360667,3.3,14.0565,8.0065,89.41916,29.598919,3068.3787,2023
2023-03-30,12.060666,2.9,15.0565,10.1565,80.67744,31.826931,35204.914,2023
2023-03-31,10.839835,13.2,13.356501,9.9565,86.95777,33.696075,3311.9788,2023
2023-04-01,9.639834,1.2,11.5565,8.1565,81.30814,21.218632,10856.323,2023
2023-04-02,7.88775,0.0,11.3065,2.9565,72.00772,23.023117,24096.504,2023
2023-04-03,5.5085835,0.0,11.0065,0.30650002,76.14832,18.532133,41617.555,2023
2023-04-04,5.6815,0.0,12.5065,-0.8435,75.17295,13.324863,43074.074,2023
2023-04-05,6.5231667,1.0,11.7065,0.6565,78.58353,12.475961,17235.947,2023
2023-04-06,9.446084,4.899999,13.356501,5.6064997,84.989235,22.771244,27241.79,2023
2023-04-07,8.112751,0.2,13.7065,2.8065,71.33472,10.296251,43247.348,2023
2023-04-08,7.846083,0.0,13.606501,2.5565,81.21638,11.043261,42304.84,2023
2023-04-09,9.273167,0.0,15.356501,3.5065,77.60117,14.044615,34899.402,2023
2023-04-10,10.927334,9.100001,14.2565,7.8564997,77.9083,33.043606,21715.074,2023
2023-04-11,8.73775,7.4,12.5565,5.7565,75.57516,39.35872,22143.324,2023
2023-04-12,7.6523337,3.3000002,10.5565,4.8065,75.79244,46.037796,34588.934,2023
2023-04-13,8.258583,1.0,12.2065,4.6565,66.43751,27.021591,43989.52,2023
2023-04-14,7.164833,8.1,9.9565,2.3065,83.17033,21.313093,7506.9404,2023
2023-04-15,9.646085,2.2999997,14.2065,6.6565,79.264404,18.0,29437.633,2023
2023-04-16,9.8565,0.0,15.0565,5.0065,77.73494,10.495713,8804.164,2023
2023-04-17,10.623166,0.5,15.8065,7.2565,79.44016,18.374111,33329.355,2023
2023-04-18,8.814834,0.2,11.856501,7.0065,78.366646,32.151043,21109.463,2023
2023-04-19,10.2065,0.0,14.856501,6.8065,73.10815,29.660152,45694.43,2023
2023-04-20,8.821084,2.3,14.606501,5.1064997,68.47375,29.379175,38180.85,2023
2023-04-21,7.296083,3.2999997,11.2065,4.5065,84.35446,16.263872,25423.943,2023
2023-04-22,7.981499,1.5,13.3065,1.4565,79.74254,17.651016,31673.6,2023
2023-04-23,10.377334,3.8999996,13.0065,8.0565,81.54005,21.9718,15466.255,2023
2023-04-24,8.083583,13.8,11.9065,5.3065,81.08618,20.393293,25812.83,2023
2023-04-25,6.4440002,0.0,10.2065,1.1065,68.010475,12.904882,37981.805,2023
2023-04-26,7.8585835,0.0,11.5565,3.1565,69.364525,15.072783,22907.348,2023
2023-04-27,9.289834,6.6000004,14.0065,4.9065,75.22625,21.767351,6199.493,2023
2023-04-28,13.248166,0.8,17.3565,8.106501,84.479546,22.461807,27535.352,2023
2023-04-29,10.898168,0.0,17.5565,4.5065,79.913536,13.358861,48842.035,2023
2023-04-30,11.3565,0.0,17.0065,4.8065,77.12803,15.856356,33127.21,2023
2023-05-01,11.937751,1.0,16.9065,8.0065,80.335686,16.039202,32198.889,2023
2023-05-02,10.439834,0.0,13.9565,6.8065,81.270454,18.844202,16921.252,2023
2023-05-03,9.333584,0.0,13.8065,4.9065,74.90561,24.087738,49622.332,2023
2023-05-04,12.956501,0.9,18.8065,7.7565,77.8177,24.798225,36345.5,2023
2023-05-05,13.696082,0.70000005,17.6065,10.7065,80.31472,19.878391,39610.312,2023
2023-05-06,12.4815,5.6000004,14.8065,8.5565,89.82202,23.266697,3563.9897,2023
2023-05-07,14.996082,0.70000005,18.6065,11.5065,82.29479,10.691453,23294.02,2023
2023-05-08,12.562752,2.6,15.7065,9.0065,85.89081,23.358423,11165.217,2023
2023-05-09,13.914834,10.099999,17.1065,11.0065,86.07883,18.58451,24508.598,2023
2023-05-10,12.679417,6.2,17.4065,9.2565,82.66632,21.96295,44284.684,2023
2023-05-11,12.323167,3.7,16.956501,8.2565,80.73744,9.449572,46800.0,2023
2023-05-12,11.048167,1.9,12.7065,8.7565,87.73896,31.983318,0.0,2023
2023-05-13,11.698167,0.0,15.4565,9.106501,83.28757,20.65848,24562.816,2023
2023-05-14,12.489833,0.7,19.0065,6.8564997,83.15235,11.542478,35407.08,2023
2023-05-15,12.08775,0.5,14.7565,7.0565,69.34273,23.675303,35361.27,2023
2023-05-16,11.077334,0.2,16.7565,5.1565,73.2667,21.897945,50438.707,2023
2023-05-17,11.97525,0.4,17.1565,5.8065,75.68247,11.090103,47184.1,2023
2023-05-18,12.954418,0.2,17.6065,8.856501,72.505135,14.05845,50400.0,2023
2023-05-19,12.037749,1.1,17.0065,7.6565,75.297035,15.856354,27993.648,2023
2023-05-20,12.921084,0.1,18.6565,6.6565,69.988686,22.91026,51233.082,2023
2023-05-21,12.9815,0.0,17.956501,7.3564997,70.422226,24.967497,42049.97,2023
2023-05-22,14.137749,0.0,19.206501,9.2065,68.805534,24.216522,40646.164,2023
2023-05-23,12.9314995,0.0,16.8565,8.4065,68.25739,16.676977,45092.664,2023
2023-05-24,14.398168,0.0,20.8065,7.4065,72.09324,14.904173,51436.79,2023
2023-05-25,13.396084,0.0,18.0065,8.2565,74.1343,16.58346,24667.828,2023
2023-05-26,12.550251,0.0,17.706501,7.7565,70.475784,20.945072,52037.047,2023
2023-05-27,12.960668,0.0,19.0565,7.4065,74.007576,18.214718,52331.49,2023
2023-05-28,13.985669,0.0,20.8565,6.2064996,66.02661,25.318008,52125.617,2023
2023-05-29,12.4314995,0.0,16.9065,7.8065,66.18624,26.562046,53207.312,2023
2023-05-30,12.723167,0.0,16.6065,8.106501,70.29335,27.059933,40510.477,2023
2023-05-31,13.937749,0.0,18.6565,10.8065,73.86198,23.933908,27182.473,2023
2023-06-01,13.4314995,0.0,18.0565,10.1565,71.03014,23.000591,40136.285,2023
2023-06-02,13.164832,0.0,17.7565,10.2065,64.28286,22.66857,40640.332,2023
2023-06-03,14.6502495,0.0,21.4065,7.4065,68.11715,21.933426,52655.086,2023
2023-06-04,14.891917,0.0,21.0565,8.4565,68.15209,18.514643,53903.832,2023
2023-06-05,13.066917,0.0,17.956501,7.9564996,71.49707,20.390114,48359.285,2023
2023-06-06,13.164833,0.1,16.5565,10.9065,68.72552,21.889065,26764.658,2023
2023-06-07,14.291919,0.0,20.3565,8.4565,72.64588,19.721298,54434.684,2023
2023-06-08,14.789834,0.0,21.1065,8.5065,71.25417,21.862406,54610.832,2023
2023-06-09,17.556501,0.0,23.9065,10.7565,69.45308,22.930048,54674.395,2023
2023-06-10,21.368998,0.0,28.4065,14.106501,63.973557,19.45333,54623.242,2023
2023-06-11,22.354416,0.0,29.9065,15.4565,63.929825,11.525623,48834.95,2023
2023-06-12,21.369001,5.7,26.8565,15.9565,75.52125,13.32,51860.438,2023
2023-06-13,19.92525,0.0,27.0065,13.106501,59.00976,24.36325,54880.695,2023
2023-06-14,18.956501,0.0,26.706501,10.7565,59.991894,18.751125,54920.047,2023
2023-06-15,19.189833,0.0,25.9065,11.606501,64.36826,17.294992,54954.426,2023
2023-06-16,19.246082,0.0,25.5065,11.9565,59.993305,17.414476,54983.797,2023
2023-06-17,18.554419,2.1,24.0565,12.2565,69.38729,13.797912,47821.49,2023
2023-06-18,19.039833,16.900002,24.5565,15.2065,80.45525,18.94024,26038.371,2023
2023-06-19,18.63775,0.90000004,22.8565,14.0565,76.7972,21.599998,55041.484,2023
2023-06-20,18.973166,5.9,22.5565,14.8065,80.2647,24.33664,32294.395,2023
2023-06-21,19.291918,1.0,23.456501,14.8065,73.26533,16.489416,50935.82,2023
2023-06-22,20.216917,0.0,26.4065,13.3065,70.044914,15.807239,52925.4,2023
2023-06-23,20.483585,0.0,25.706501,14.606501,68.80031,17.884428,52301.395,2023
2023-06-24,21.204416,0.2,26.3065,14.856501,72.56751,14.372974,51894.777,2023
2023-06-25,22.454416,0.1,29.0565,14.9565,62.122425,27.792374,54877.594,2023
2023-06-26,18.414835,0.0,22.3565,13.5565,57.53925,23.469128,42570.434,2023
2023-06-27,18.491919,0.0,21.8565,14.0565,64.947914,20.456745,19086.523,2023
2023-06-28,20.25025,0.1,24.3065,16.6065,74.90641,15.542662,12064.36,2023
2023-06-29,18.571085,5.9,22.0565,15.7065,71.29023,15.725037,33555.117,2023
2023-06-30,16.3315,0.6,18.6065,11.356501,74.305115,33.233284,15309.19,2023
2023-07-01,19.11275,0.2,21.6565,17.206501,66.196785,24.387177,41808.656,2023
2023-07-02,16.504417,0.0,19.706501,11.856501,58.97662,27.698952,54144.785,2023
2023-07-03,15.698167,0.70000005,19.3565,11.6565,64.1867,33.48774,39011.727,2023
2023-07-04,15.066915,13.1,18.8065,13.106501,76.85221,19.855558,21600.0,2023
2023-07-05,15.421084,6.1,19.3065,10.7065,69.896645,23.770906,54515.07,2023
2023-07-06,16.194,0.0,20.7565,10.7565,67.00358,20.316889,52717.62,2023
2023-07-07,20.237753,0.0,27.7565,11.2065,58.812634,17.902534,54273.617,2023
2023-07-08,21.529417,12.599999,24.4065,18.9065,71.36791,20.929594,34628.34,2023
2023-07-09,18.675253,4.9,22.456501,15.3065,76.129684,22.104116,31917.07,2023
2023-07-10,18.662752,0.0,22.9065,12.9065,70.57489,29.574827,39844.15,2023
2023-07-11,19.254417,3.1999998,22.6565,16.956501,71.69887,27.492311,37330.406,2023
2023-07-12,17.52525,1.8000002,21.0565,13.5065,71.013214,26.072052,53352.613,2023
2023-07-13,17.53775,0.5,21.3065,12.856501,69.73914,22.065973,46955.582,2023
2023-07-14,16.827333,7.8,19.6565,13.5565,83.70055,31.452133,0.0,2023
2023-07-15,16.996082,1.4000002,19.6065,14.8065,75.99656,43.85799,41328.008,2023
2023-07-16,16.97525,0.0,20.3565,14.0565,65.68152,31.75355,46186.605,2023
2023-07-17,16.779415,0.6,21.1565,12.2065,70.24838,22.461807,48535.38,2023
2023-07-18,17.10025,0.1,21.9065,11.2065,68.87794,18.391737,44237.65,2023
2023-07-19,17.950249,0.4,22.5565,13.9065,69.355896,20.00512,41624.117,2023
2023-07-20,17.329416,0.1,22.2565,11.606501,64.678566,14.24163,51037.97,2023
2023-07-21,16.412748,0.1,19.9065,11.5565,64.60957,17.654686,36012.918,2023
2023-07-22,15.364833,9.0,18.456501,12.7065,83.42355,30.282827,9652.049,2023
2023-07-23,18.814835,2.5999997,22.5065,15.856501,75.96006,31.404713,48887.37,2023
2023-07-24,15.714833,2.3,17.5565,13.9065,81.62744,19.64558,13024.044,2023
2023-07-25,15.652332,0.70000005,19.7565,12.0065,70.49642,17.581125,50848.023,2023
2023-07-26,15.6710825,7.7,21.1565,9.4065,74.05627,21.38897,33051.367,2023
2023-07-27,19.048166,7.399999,21.5065,16.2565,85.51898,27.381308,3318.6826,2023
2023-07-28,18.614834,0.2,22.5565,15.856501,78.949356,20.88,22485.004,2023
2023-07-29,18.337748,0.7,21.8065,15.2065,71.588615,26.052162,41160.75,2023
2023-07-30,16.948166,3.1999998,20.8565,14.2065,77.1426,30.413076,26743.338,2023
2023-07-31,18.023165,2.6,20.9065,15.5565,81.02568,27.897097,22023.318,2023
2023-08-01,17.554419,0.0,21.8565,13.7565,71.666985,24.863468,42768.914,2023
2023-08-02,17.227333,18.800003,19.4065,14.7065,83.41241,32.33794,22662.998,2023
2023-08-03,16.91067,0.1,21.0065,13.7565,73.04201,18.919704,43331.52,2023
2023-08-04,16.502335,0.4,19.4065,12.8065,76.044914,16.87398,34168.96,2023
2023-08-05,15.169002,18.2,18.456501,13.5565,82.0788,29.882166,8848.26,2023
2023-08-06,14.789834,0.9,18.5565,10.5065,72.25408,24.464113,49970.93,2023
2023-08-07,15.48775,0.0,20.2565,10.4565,71.31381,18.374111,44392.59,2023
2023-08-08,14.760667,2.3999999,17.456501,10.9565,86.56751,23.1774,5938.089,2023
2023-08-09,17.514833,0.0,24.0565,10.7565,75.46794,11.090103,49718.656,2023
2023-08-10,19.460667,0.0,25.6065,12.606501,76.21486,16.62249,49541.867,2023
2023-08-11,20.1065,0.6,24.0065,16.6065,78.939476,22.545315,31634.156,2023
2023-08-12,17.746082,0.5,20.956501,13.856501,77.20966,32.647057,39899.38,2023
2023-08-13,17.977335,0.3,21.8565,15.1565,74.77915,25.772078,39679.125,2023
2023-08-14,18.166918,3.8,21.6565,15.5565,81.57528,31.487139,27531.32,2023
2023-08-15,17.90025,0.2,22.1565,12.4565,74.595505,17.28,45911.21,2023
2023-08-16,18.304419,0.2,24.6065,12.5565,73.73005,16.203999,48356.04,2023
2023-08-17,18.491915,0.1,22.956501,14.856501,78.1974,23.444265,48152.227,2023
2023-08-18,19.70025,4.2000003,24.7565,16.0565,83.09161,22.33161,22384.748,2023
2023-08-19,20.169,0.2,23.3065,16.2565,76.013405,27.776047,47433.074,2023
2023-08-20,18.898165,0.4,24.0065,14.856501,76.457855,19.083395,41982.582,2023
2023-08-21,18.323166,0.0,24.7565,13.3065,77.39689,20.68356,39162.625,2023
2023-08-22,19.158585,0.0,24.3565,14.5065,74.18668,18.58451,38144.684,2023
2023-08-23,19.214834,0.0,25.456501,12.4565,73.23124,7.5942073,44657.156,2023
2023-08-24,19.989832,1.3000001,25.1565,15.4565,75.53451,14.021525,25078.223,2023
2023-08-25,16.831501,0.1,20.1565,13.7065,64.30723,18.514643,43032.562,2023
2023-08-26,15.191918,1.2,19.3565,11.4065,78.18159,17.238699,33303.906,2023
2023-08-27,15.110667,0.2,19.6065,10.3065,74.27444,20.275385,43426.793,2023
2023-08-28,15.591916,0.2,20.5065,10.7065,72.89193,15.484185,40394.855,2023
2023-08-29,15.533582,0.0,20.4065,10.606501,73.37618,17.388409,28272.893,2023
2023-08-30,15.727334,0.3,19.6565,10.9565,67.290955,20.991426,43790.613,2023
2023-08-31,14.064836,1.3000001,18.1065,10.0565,82.36598,14.587776,3569.9944,2023
2023-09-01,17.648167,1.4,22.0065,13.6565,86.082664,6.3690495,21916.027,2023
2023-09-02,18.523165,0.4,23.206501,14.8065,83.04836,15.596767,29671.543,2023
2023-09-03,18.546083,0.0,24.706501,12.9065,80.59405,12.371645,41769.027,2023
2023-09-04,20.004417,0.0,27.3565,15.0565,75.732796,18.94024,43346.484,2023
2023-09-05,20.737753,0.0,27.706501,15.7565,73.3014,16.946787,43253.41,2023
2023-09-06,21.858583,0.0,29.8065,14.7565,74.704254,10.464798,43203.65,2023
2023-09-07,22.8565,0.0,29.9065,17.2565,72.41441,13.684735,43200.0,2023
2023-09-08,23.331503,0.0,29.5065,17.8565,66.83285,8.557102,37701.19,2023
2023-09-09,24.179419,0.0,31.3565,17.5065,67.07694,7.628263,43037.18,2023
2023-09-10,23.148169,1.6,30.706501,18.1565,72.817986,20.883102,38850.164,2023
2023-09-11,20.827333,0.0,24.8565,16.956501,74.727196,18.58451,34515.246,2023
2023-09-12,18.894,2.9,23.0065,16.206501,80.96342,17.0763,33937.207,2023
2023-09-13,16.244,0.1,19.8065,12.1565,73.382324,19.45333,42250.96,2023
2023-09-14,17.069,0.0,22.2565,12.0565,73.79282,12.819235,42022.9,2023
2023-09-15,17.435669,0.0,24.8565,10.8065,75.54984,13.527572,41794.688,2023
2023-09-16,18.664833,0.0,25.8565,12.4565,77.259514,17.0763,31848.688,2023
2023-09-17,18.164833,4.7999997,21.0065,14.856501,85.50738,26.28986,24493.387,2023
2023-09-18,16.979418,7.2999997,19.0065,13.9565,77.94112,32.283787,35472.37,2023
2023-09-19,16.623169,0.4,19.3065,13.3065,75.77039,45.596527,4670.0063,2023
2023-09-20,17.937748,27.3,20.456501,15.1565,81.56235,48.537292,12596.431,2023
2023-09-21,13.998164,5.5,17.6565,10.606501,83.75337,17.057314,34691.812,2023
2023-09-22,12.4815,1.5000001,17.5065,8.6565,82.131065,19.083395,38498.21,2023
2023-09-23,12.660667,0.0,17.1565,8.2565,72.73935,16.1198,37372.168,2023
2023-09-24,16.831501,0.0,20.1065,12.3065,71.87012,30.563978,21449.379,2023
2023-09-25,18.0315,0.2,21.5065,14.4565,72.806335,25.171696,37918.4,2023
2023-09-26,17.194002,1.8000001,22.3065,13.356501,81.83988,25.661207,26756.586,2023
2023-09-27,17.356499,0.0,21.5565,13.2065,82.962776,28.732422,18000.0,2023
2023-09-28,16.61275,0.1,19.4065,13.4565,76.64088,26.493652,18290.332,2023
2023-09-29,17.039833,2.4,19.0565,13.1565,75.34609,23.068108,36111.656,2023
2023-09-30,14.648167,0.0,19.0065,10.356501,78.709496,19.0392,28372.47,2023
2023-10-01,18.131498,0.0,22.5565,14.9065,85.15243,22.406927,21563.602,2023
2023-10-02,17.616919,4.1,22.456501,14.3065,89.00095,19.008545,5811.2207,2023
2023-10-03,14.883582,0.3,18.2565,12.3065,75.68929,25.862436,36000.0,2023
2023-10-04,13.814835,0.0,17.706501,10.5565,79.03826,25.071098,26811.893,2023
2023-10-05,14.683582,0.2,18.5065,11.856501,75.88506,22.148046,24988.352,2023
2023-10-06,16.469002,0.0,20.9065,13.4565,78.74757,24.57511,35715.805,2023
2023-10-07,17.569,0.0,22.9065,13.7065,78.05329,21.868332,35961.49,2023
2023-10-08,16.783583,0.0,23.2565,12.606501,78.6298,12.24,35441.504,2023
2023-10-09,16.681501,0.0,23.1065,12.5565,79.20191,10.966713,35303.83,2023
2023-10-10,16.477333,0.0,21.3065,12.3065,83.169014,20.592503,34181.113,2023
2023-10-11,17.168999,0.4,20.5065,14.1565,83.068245,25.318008,12132.477,2023
2023-10-12,15.023168,15.700002,16.0565,13.0065,92.805534,16.92383,0.0,2023
2023-10-13,17.094002,14.200001,20.5065,10.4565,81.96366,38.305763,18542.543,2023
2023-10-14,9.771085,0.3,13.3065,7.1064997,74.90748,20.65848,34623.88,2023
2023-10-15,6.864834,0.0,10.4565,4.2565,74.24572,14.24163,34478.58,2023
2023-10-16,7.6127496,0.0,11.9565,2.3065,81.68464,19.134262,10275.757,2023
2023-10-17,11.614834,0.0,14.4565,9.0565,68.66923,27.757376,32905.805,2023
2023-10-18,12.771083,7.2,16.6565,10.1565,84.553825,32.2396,0.0,2023
2023-10-19,15.739834,6.0,17.706501,14.356501,88.359795,33.151287,15822.978,2023
2023-10-20,14.162751,11.3,16.0565,12.1565,90.000854,17.873556,8943.409,2023
2023-10-21,12.789834,3.4,16.1565,9.5565,87.64245,21.794127,24284.607,2023
2023-10-22,9.977334,0.0,15.0565,6.6565,84.12524,12.7279215,30706.438,2023
2023-10-23,10.860668,0.8,14.9565,6.8065,87.74389,16.279802,14233.904,2023
2023-10-24,10.235667,3.2,14.106501,7.2565,88.43494,17.373497,28800.0,2023
2023-10-25,10.2565,0.8000001,13.8065,7.9564996,89.17452,16.199999,17826.973,2023
2023-10-26,11.20025,2.5999997,15.606501,7.2565,88.48194,18.161278,25645.105,2023
2023-10-27,9.96275,1.0,14.2065,7.1064997,90.13706,17.84816,23782.555,2023
2023-10-28,11.744,10.400002,15.2565,8.9565,85.710236,26.081993,27675.96,2023
2023-10-29,10.777333,6.7,12.3065,9.0565,86.48499,24.72495,17322.479,2023
2023-10-29,10.881499,0.8,14.4065,7.2565,86.17011,19.966211,25154.062,2023
2023-10-30,9.819,2.3999999,14.0565,6.5065,91.57682,15.175612,25767.0,2023
2023-10-31,11.983585,7.299999,13.5565,9.5065,83.078514,30.633865,17471.428,2023
2023-11-01,10.354418,21.3,11.5565,9.1565,86.26821,42.826385,0.0,2023
2023-11-02,9.452332,6.3,13.1565,7.1565,80.94997,29.370352,30081.566,2023
2023-11-03,8.566916,5.4999995,12.5565,5.0065,88.18215,26.518099,15928.704,2023
2023-11-04,8.9565,0.1,12.5565,6.0565,83.3376,29.574827,28243.654,2023
2023-11-05,8.871083,0.0,12.6565,6.5065,83.08306,25.6233,29240.033,2023
2023-11-06,7.804417,0.1,11.8065,5.3065,86.35718,25.984917,28961.5,2023
2023-11-07,9.414834,3.3,12.9565,5.8564997,89.02963,35.785156,0.0,2023
2023-11-08,7.9794164,0.1,10.5065,5.7565,80.662605,23.47741,25054.707,2023
2023-11-09,6.554416,1.7000002,9.3065,4.1565,86.47464,20.288164,16893.057,2023
2023-11-10,5.314833,0.0,10.1565,2.7565,89.110085,14.512064,27911.639,2023
2023-11-11,6.777333,2.0000002,9.2065,3.3065,92.66608,12.371645,0.0,2023
2023-11-12,12.13775,12.5,14.7565,8.4565,80.30663,37.56786,20191.004,2023
2023-11-13,10.410666,6.1000004,12.3065,8.7065,85.39142,28.496904,2095.8174,2023
2023-11-14,8.646084,0.0,11.606501,5.4564996,83.35659,27.381308,27235.324,2023
2023-11-15,5.7419167,3.0,7.5065,3.5065,94.59775,13.779114,0.0,2023
2023-11-16,6.0648327,1.2,10.2565,3.4565,89.76782,14.565548,25184.346,2023
2023-11-17,12.091918,5.5,14.6565,7.7565,91.2606,26.081993,0.0,2023
2023-11-18,11.9523325,0.0,13.856501,10.7065,79.9196,30.432245,18111.137,2023
2023-11-19,9.885666,3.0,11.7565,7.6565,84.46508,24.20314,18957.004,2023
2023-11-20,9.379416,0.7,11.106501,5.7565,86.87274,21.915693,0.0,2023
2023-11-21,6.844,0.0,9.8065,3.0565,91.5472,15.683774,7356.4316,2023
2023-11-22,10.446084,0.1,12.1565,8.0565,85.3458,25.417631,15485.701,2023
2023-11-23,6.906502,0.2,11.7065,2.1065,67.91032,25.346148,17774.322,2023
2023-11-24,1.5690001,0.0,5.2565,-0.44349998,81.18861,13.363711,25475.713,2023
2023-11-25,3.3794167,3.8,9.8065,-0.8935,92.065765,18.0,0.0,2023
2023-11-26,7.835666,6.1999993,9.6565,4.9564996,91.326164,22.406927,4973.697,2023
2023-11-27,3.7960835,0.0,6.5565,0.7565,89.44001,21.41319,24599.445,2023
2023-11-28,1.3002499,0.0,4.3065,-1.0935,90.09476,10.041354,20280.816,2023
2023-11-29,0.08774996,0.0,4.4564996,-2.7935,88.03979,19.083395,22213.076,2023
2023-11-30,-0.060166698,0.0,4.0565,-2.1935,88.204956,17.373497,20474.191,2023
2023-12-01,-2.4497497,0.0,-0.44349998,-3.8935,95.14481,9.0,3029.5488,2023
2023-12-02,4.273166,5.9,7.6064997,-0.3935,89.48797,17.771753,900.95306,2023
2023-12-03,6.419,8.900001,7.8564997,5.6064997,90.39084,25.43802,0.0,2023
2023-12-04,5.319,2.5,6.2565,3.3065,92.328636,18.782204,0.0,2023
2023-12-05,2.4419162,0.0,4.3564997,0.7565,95.08133,12.261157,23414.951,2023
2023-12-06,6.275251,5.7000003,8.2065,4.0565,87.4645,28.001427,0.0,2023
2023-12-07,7.9065003,0.0,10.8065,5.5565,88.9505,21.437386,21542.885,2023
2023-12-08,9.60025,7.9,13.856501,7.3065,84.47876,33.62099,7489.4727,2023
2023-12-09,9.214833,2.1,11.7065,6.9564996,79.54203,33.151287,171.28365,2023
2023-12-10,8.423168,0.0,10.7565,4.6064997,83.16932,38.044353,22684.45,2023
2023-12-11,9.196083,7.2999997,11.356501,7.0565,91.81693,21.2522,8487.835,2023
2023-12-12,7.096084,0.5,7.9564996,6.0565,87.89083,31.311722,3600.0,2023
2023-12-13,4.566917,0.90000004,7.4065,1.6065,92.5466,20.268991,0.0,2023
2023-12-14,5.01275,0.0,8.106501,2.4565,91.435905,12.904882,22600.44,2023
2023-12-15,8.585668,0.0,11.2065,4.5565,93.75117,21.178896,0.0,2023
2023-12-16,9.002334,0.0,10.7565,6.6565,88.38424,30.563978,22289.645,2023
2023-12-17,9.854416,0.0,11.856501,7.6565,88.968346,24.993437,3293.183,2023
2023-12-18,10.108584,12.700001,12.2565,5.2565,90.84272,26.14403,0.0,2023
2023-12-19,7.6273327,0.0,10.4565,4.9065,83.99449,27.345785,13797.713,2023
2023-12-20,11.123166,0.3,13.4065,8.5565,75.211784,35.309376,8950.586,2023
2023-12-21,9.941916,0.3,11.106501,8.2565,74.33684,33.55733,0.0,2023
2023-12-22,9.364835,0.0,11.0065,7.7565,79.520134,28.99062,19693.031,2023
2023-12-23,12.369,1.2,13.2565,10.5565,85.68142,33.818928,0.0,2023
2023-12-24,12.2731695,3.1999998,12.856501,11.2565,87.64028,29.46287,207.5956,2023
2023-12-25,7.2044168,0.0,10.356501,4.0065,85.14369,24.569832,16428.71,2023
2023-12-26,9.966917,6.4999995,11.9565,6.2064996,87.00948,40.181545,0.0,2023
2023-12-27,10.629417,0.4,11.6565,9.0565,77.30566,40.475594,21043.012,2023
2023-12-28,8.641916,1.5,10.5565,6.2064996,81.0657,28.460497,15871.953,2023
2023-12-29,8.866918,2.9999995,11.4565,5.1064997,85.1717,37.017033,4205.286,2023
2023-12-30,8.36275,8.200001,10.5065,6.4065,81.21395,40.70548,20919.389,2023
2023-12-31,7.7502503,8.3,10.0565,5.8564997,78.77289,30.619051,6276.825,2023
2024-01-01,11.058582,9.599999,12.856501,8.8065,86.88407,52.348755,0.0,2024
2024-01-02,8.394,2.3,10.356501,6.4564996,85.21325,25.872456,22269.58,2024
2024-01-03,6.844,27.7,8.2565,4.9564996,89.65232,27.381306,7614.0146,2024
2024-01-04,5.7044168,4.5999994,7.0565,4.4065,88.25437,33.697998,2490.4639,2024
2024-01-05,4.789833,0.2,6.3564997,3.7565,87.39736,16.575644,13567.185,2024
2024-01-06,3.1544168,0.0,4.7064996,1.4565,75.062965,22.206486,23027.404,2024
2024-01-07,2.0294166,0.70000005,3.3065,1.0565,70.51336,27.567635,21174.094,2024
2024-01-08,1.6252502,0.0,4.0065,0.6565,71.520905,31.421213,23376.186,2024
2024-01-09,1.88775,0.0,4.7565,0.4565,75.02303,22.545315,23960.838,2024
2024-01-10,2.3981667,0.0,5.5065,-0.8435,85.89025,24.023088,15714.772,2024
2024-01-11,5.129417,0.0,6.8065,3.8565,85.77728,18.089775,776.80536,2024
2024-01-12,3.3044167,0.0,4.4065,1.5065,86.581856,10.739833,7897.1235,2024
2024-01-13,3.585667,1.6,5.7064996,1.6065,87.0924,17.10284,16845.438,2024
2024-01-14,-0.54975,0.0,2.4565,-3.9435,79.75024,18.837324,25099.186,2024
2024-01-15,-1.6789168,0.0,3.8065,-4.4935,79.57932,11.792404,25266.38,2024
2024-01-16,0.2544167,0.0,2.4065,-2.3435,84.037285,19.852295,0.0,2024
2024-01-17,-2.2934997,0.0,2.5065,-5.0435004,72.74328,15.281989,25617.512,2024
2024-01-18,-0.8226667,0.0,4.7565,-3.7435,81.37537,13.684735,25800.688,2024
2024-01-19,2.4231665,0.0,5.1565,-0.9435,74.804054,26.903828,12127.307,2024
2024-01-20,8.908584,1.3000001,11.7565,4.1565,78.399574,48.961327,13707.886,2024
2024-01-21,9.521083,6.0000005,12.4065,6.8564997,77.611046,50.142197,26376.322,2024
2024-01-22,8.671084,2.8999999,12.856501,4.0565,86.96885,37.427883,0.0,2024
2024-01-23,9.664833,0.1,12.9565,6.6565,78.633286,36.08091,22297.84,2024
2024-01-24,8.9314995,0.1,11.8065,3.6065,92.8538,27.059933,699.1175,2024
2024-01-25,8.016915,1.6000001,12.0565,2.5565,76.83483,33.190357,27192.332,2024
2024-01-26,3.7148333,0.0,8.4565,-0.3935,86.281395,18.709612,21617.664,2024
2024-01-27,5.754417,0.0,10.7565,1.3565,83.94173,13.722565,27385.367,2024
2024-01-28,10.598166,0.0,12.856501,7.7064996,88.7741,23.664352,20722.625,2024
2024-01-29,8.579417,0.0,12.5565,5.9564996,81.29254,27.890127,0.0,2024
2024-01-30,7.3356667,0.4,10.9565,3.2065,83.436,28.961546,15487.223,2024
2024-01-31,6.2356668,0.2,10.8065,2.3065,83.15135,21.077686,27904.412,2024
2024-02-01,9.064834,0.0,12.5565,2.9565,85.65771,31.782108,11186.486,2024
2024-02-02,11.28775,0.7,12.7565,10.2565,86.34168,27.112564,0.0,2024
2024-02-03,11.477333,0.1,13.2565,9.856501,84.49622,35.39186,2530.3643,2024
2024-02-04,9.502334,0.0,11.5065,7.3065,80.26682,37.212578,2661.271,2024
2024-02-05,11.696082,5.8,13.2565,10.5065,81.14413,38.67278,6540.506,2024
2024-02-06,6.133583,12.299999,11.2565,4.5065,84.890144,30.319181,8708.614,2024
2024-02-07,7.1669173,16.1,12.2065,2.9065,93.08966,25.277023,3180.4155,2024
2024-02-08,10.5252495,6.9999995,12.5565,9.2565,88.362236,32.777794,17036.244,2024
2024-02-09,9.33775,3.3,11.356501,7.6565,90.27285,13.905509,3020.3818,2024
2024-02-10,7.185667,7.2999997,10.5065,4.4564996,88.76105,19.469975,27201.973,2024
2024-02-11,4.8544173,0.0,9.0565,1.9565,82.02978,16.327497,30829.969,2024
2024-02-12,7.691917,2.6000001,11.356501,3.7065,86.62787,27.595825,0.0,2024
2024-02-13,12.0815,2.2,13.856501,10.6565,91.00155,26.826641,1232.9451,2024
2024-02-14,12.960668,1.1,16.6065,10.5065,86.288734,20.65848,25530.533,2024
2024-02-15,10.566916,2.0,12.9065,6.8564997,84.55903,23.770906,25274.537,2024
2024-02-16,9.833584,0.70000005,13.3065,5.5565,90.29931,27.212759,0.0,2024
2024-02-17,11.466918,13.2,14.8065,8.106501,88.34582,27.169865,24345.305,2024
2024-02-18,9.0252495,2.1999998,13.2065,6.2565,84.86269,21.53089,19140.133,2024
2024-02-19,8.5065,0.1,11.856501,5.4564996,88.16561,30.027107,0.0,2024
2024-02-20,9.948167,3.5,11.9065,8.8065,88.812096,36.066536,0.0,2024
2024-02-21,8.20025,11.5,11.606501,3.4065,89.76304,33.35784,1005.0535,2024
2024-02-22,4.7689996,2.0,8.4565,1.8565,81.37551,23.469128,27104.87,2024
2024-02-23,2.9231665,1.6,8.0565,-1.5935,90.26107,8.707237,26904.654,2024
2024-02-24,4.3690004,2.9,8.9065,-0.1935,90.74131,32.957207,20363.389,2024
2024-02-25,6.2085834,1.4000001,8.606501,3.3565,74.92802,43.672913,25939.355,2024
2024-02-26,4.63775,0.5,7.5565,1.8065,84.90895,15.03835,7486.273,2024
2024-02-27,8.379416,1.3000001,10.8065,5.5065,89.47479,25.071098,0.0,2024
2024-02-28,9.316916,8.3,10.856501,5.9065,91.25034,26.099379,0.0,2024
2024-02-29,5.2106667,6.6,8.356501,3.1565,81.12645,34.942265,25200.0,2024
2024-03-01,5.1440005,2.1999998,8.0065,1.6065,81.95441,26.980793,31889.85,2024
2024-03-02,3.779417,0.0,9.0065,-0.9935,83.69955,12.015589,26849.21,2024
2024-03-03,5.066917,1.0,11.1565,-0.7935,80.74561,23.34455,23104.422,2024
2024-03-04,7.1481667,1.9000001,10.606501,4.3065,86.339966,21.794127,20634.658,2024
2024-03-05,5.4981666,0.0,10.5065,2.1565,88.76078,9.726665,24627.344,2024
2024-03-06,6.6127496,0.3,10.4565,2.9065,86.33347,25.630886,35362.715,2024
2024-03-07,6.523167,0.0,9.5565,3.7065,79.117714,27.959742,36200.938,2024
2024-03-08,8.91275,0.4,12.7565,6.4065,77.38879,24.50381,29094.203,2024
2024-03-09,8.019,8.5,9.106501,7.2565,92.73529,17.935081,0.0,2024
2024-03-10,8.014833,2.0,10.356501,6.6064997,85.655815,19.813087,3330.7363,2024
2024-03-11,9.914834,13.3,13.4565,6.3564997,88.910194,21.986542,0.0,2024
2024-03-12,11.41275,0.5,13.106501,10.0565,85.91489,31.394394,0.0,2024
2024-03-13,11.535667,1.2,16.2565,8.3065,83.264946,28.082308,17497.996,2024
2024-03-14,11.769,1.3000001,14.3065,9.8065,83.638145,31.76375,26341.36,2024
2024-03-15,9.241918,1.3000001,13.3065,5.1064997,74.90976,18.455048,27150.586,2024
2024-03-16,11.377335,6.3999996,15.2565,9.2565,88.99893,20.519999,13641.043,2024
2024-03-17,10.716916,0.2,14.5565,7.6064997,86.485115,21.889065,11383.147,2024
2024-03-18,11.091916,0.2,12.4065,9.7565,86.06968,23.185787,0.0,2024
2024-03-19,12.035666,0.8000001,16.1565,9.9065,80.72143,12.768586,19615.217,2024
2024-03-20,10.598166,0.0,14.4565,5.8564997,86.83228,22.057161,8185.953,2024
2024-03-21,9.677334,0.4,11.7065,5.8065,76.371284,19.734436,7931.8467,2024
2024-03-22,6.2565,1.7,9.7065,3.3065,68.03077,32.048088,40785.195,2024
2024-03-23,7.893999,0.0,11.4065,5.2064996,64.90722,32.28981,38911.902,2024
2024-03-24,7.6065006,0.90000004,11.606501,3.1565,75.60477,22.33161,3489.6538,2024
2024-03-25,9.296084,10.9,13.7065,6.1565,77.85412,25.294964,17572.299,2024
2024-03-26,7.273166,3.8999999,11.0065,5.0065,80.372826,34.98674,29022.668,2024
2024-03-27,7.9190006,10.2,10.4065,4.5065,79.90064,44.66322,26958.264,2024
2024-03-28,9.373167,4.9999995,12.9565,7.1565,78.60962,31.559086,34257.57,2024
2024-03-29,8.73775,0.0,14.106501,3.7065,77.088615,14.205182,38975.164,2024
2024-03-30,8.55025,0.3,12.0065,5.0565,85.97747,25.2924,17154.666,2024
2024-04-01,9.560666,6.0,13.4565,6.6565,81.627785,21.767351,42766.234,2024
2024-04-02,10.204417,4.2999997,14.2065,7.9564996,80.86402,27.103,15276.272,2024
2024-04-03,11.425251,0.70000005,13.9565,9.5565,79.61079,35.27449,15891.442,2024
2024-04-04,11.9815,3.4999998,14.856501,9.356501,81.189415,32.83705,30438.238,2024
2024-04-05,13.623166,5.5,16.5565,11.856501,78.9149,37.731365,29818.932,2024
2024-04-06,16.002333,0.1,19.4065,13.0565,66.67019,36.06115,39600.0,2024
2024-04-07,12.721084,0.0,15.356501,10.2565,71.17024,44.740047,42630.4,2024
2024-04-08,12.148167,1.7,17.0065,8.606501,79.95545,21.986542,25904.041,2024
2024-04-09,9.412749,0.5,11.7065,7.4065,70.3357,40.334457,23376.34,2024
2024-04-10,9.248166,1.7,12.856501,4.5065,83.46962,32.169178,11740.262,2024
2024-04-11,14.51275,0.4,18.3565,12.1565,83.85662,24.184391,17000.553,2024
2024-04-12,14.03775,0.0,19.4065,9.7565,78.37543,26.208397,40307.9,2024
2024-04-13,14.194,0.0,18.6565,10.4565,76.595146,23.828083,43200.0,2024
2024-04-14,10.612749,0.0,13.7565,7.7565,68.67999,19.652176,24075.828,2024
2024-04-15,8.510667,4.6,11.4565,6.5565,66.899925,38.423992,28800.0,2024
2024-04-16,8.87525,4.6,13.0065,5.5065,71.48739,32.138947,44307.984,2024
2024-04-17,7.308583,0.5,11.2065,4.2565,68.57122,23.1774,44817.207,2024
2024-04-18,8.26275,0.9,12.6565,3.1565,67.59852,20.969805,32570.455,2024
2024-04-19,10.019001,1.2,13.606501,7.5565,72.41804,28.79325,19200.074,2024
2024-04-20,6.9544163,0.2,10.2065,3.2065,62.53407,24.187069,34271.34,2024
2024-04-21,7.400251,0.0,10.5565,3.6565,64.27801,26.944744,35995.01,2024
2024-04-22,6.0731664,1.0000001,8.1565,2.9565,78.82769,12.224107,5528.291,2024
2024-04-23,7.671084,1.5000001,10.856501,5.9564996,80.17332,21.749481,8824.293,2024
2024-04-24,6.7919173,0.0,9.1565,2.4065,66.96328,21.068459,28815.736,2024
2024-04-25,7.064834,4.2,12.0065,1.2565,77.088356,18.03237,27717.191,2024
2024-04-26,7.285667,0.0,11.856501,2.0065,74.5888,13.084402,33488.402,2024
2024-04-27,8.891915,7.4999995,12.1565,6.5565,81.34418,22.79684,258.92004,2024
2024-04-28,8.314834,14.000001,11.356501,6.6064997,84.01414,27.112564,14400.0,2024
2024-04-29,10.316916,0.3,14.6565,5.7565,72.32486,27.66384,46372.027,2024
2024-04-30,12.471084,0.4,17.4065,7.2565,74.76392,25.153671,49190.184,2024
2024-05-01,13.850251,0.1,19.1565,8.0065,82.32279,12.783802,42562.32,2024
2024-05-02,13.841918,2.5,19.6065,10.5565,83.18032,22.380884,24645.002,2024
2024-05-03,10.656499,9.000001,12.6565,9.2065,87.50366,24.72495,327.987,2024
2024-05-04,11.441916,2.7,15.4065,6.8065,79.31714,13.138765,49967.043,2024
2024-05-05,11.458583,0.3,16.5065,6.0565,82.37175,17.771753,27403.988,2024
2024-05-06,11.562751,9.7,15.2065,7.7565,91.14593,15.815435,7851.0605,2024
2024-05-07,13.721084,0.5,19.1065,8.6565,78.280876,15.042659,50318.45,2024
2024-05-08,13.2023325,0.0,19.456501,7.9564996,79.37519,9.885262,45611.387,2024
2024-05-09,15.246083,0.0,21.9065,9.1565,75.35796,11.440979,50400.0,2024
2024-05-10,15.419002,0.0,22.1065,9.9565,71.263855,17.373497,50400.0,2024
2024-05-11,15.125251,0.0,20.956501,9.2565,77.74846,20.892412,50400.0,2024
2024-05-12,17.577333,0.0,24.8065,12.0065,72.86967,19.493261,48920.67,2024
2024-05-13,15.1169195,0.3,18.1065,10.856501,76.521484,27.059933,35418.902,2024
2024-05-14,14.752335,6.6,16.9065,13.4565,80.74901,21.046917,3849.0715,2024
2024-05-15,15.012749,0.6,19.456501,11.4065,76.32612,14.654254,38360.297,2024
2024-05-16,13.714832,2.1000001,17.3065,9.5065,85.46823,9.983106,13916.586,2024
2024-05-17,15.152335,0.2,19.8065,9.106501,74.85015,7.8625183,48004.914,2024
2024-05-18,15.271084,1.6,19.3065,11.2565,81.246124,13.849477,30532.705,2024
2024-05-19,15.271083,0.2,21.3565,8.606501,71.80038,19.33639,39810.72,2024
2024-05-20,14.373168,0.1,20.1065,8.7565,75.42665,16.199999,50880.418,2024
2024-05-21,13.071083,8.4,15.9565,9.7565,87.78317,12.879752,0.0,2024
2024-05-22,13.631499,14.299999,15.106501,12.5065,91.7214,22.38378,535.61945,2024
2024-05-23,14.129416,0.0,17.456501,11.3065,73.96383,22.7057,50851.918,2024
2024-05-24,12.994,0.0,17.5065,7.2565,70.59539,12.864649,47525.36,2024
2024-05-25,14.58775,0.1,19.9065,8.9065,71.93413,15.379206,51252.016,2024
2024-05-26,14.96275,5.399999,18.5065,12.106501,75.03044,27.943514,43778.98,2024
2024-05-27,12.937751,0.8,16.5565,9.5065,75.28535,19.878391,48146.44,2024
2024-05-28,14.027333,3.9999993,18.4065,9.7065,86.498116,31.991425,9755.516,2024
2024-05-29,15.48775,0.5,19.1565,11.9065,72.716545,24.014996,51491.7,2024
2024-05-30,13.775249,3.4,17.456501,11.0565,76.756355,22.884789,23611.809,2024
2024-05-31,13.273166,1.1,15.4065,11.4565,76.03723,37.798286,8522.955,2024
2024-06-01,13.189835,0.0,16.5065,8.856501,73.25293,27.820337,15486.304,2024
2024-06-02,15.173168,0.0,21.5565,7.9065,71.43058,14.934577,53825.46,2024
2024-06-03,16.114836,0.3,19.6065,10.4565,76.09959,12.599998,24042.205,2024
2024-06-04,15.727334,3.7000003,19.6065,12.3065,79.17661,23.4,19115.012,2024
2024-06-05,12.185668,0.0,15.4565,6.2565,64.43833,20.907913,48388.98,2024
2024-06-06,13.008583,0.1,16.706501,8.606501,66.02751,15.273505,51985.664,2024
2024-06-07,13.725249,0.1,18.1065,7.4065,69.39898,20.858265,43725.895,2024
2024-06-08,13.977334,0.6,17.6565,9.5565,68.96559,19.839235,46547.355,2024
2024-06-09,12.562752,0.0,16.8565,6.3065,65.91033,22.314192,32914.69,2024
2024-06-10,11.9627495,7.999999,14.606501,8.5565,75.95789,29.460672,44803.586,2024
2024-06-11,11.096082,1.9999999,15.1565,6.6064997,75.62768,14.05845,46269.8,2024
2024-06-12,12.064835,1.0,15.856501,7.5065,72.796684,12.074766,52343.855,2024
2024-06-13,12.271084,1.6000001,15.856501,7.1064997,74.28258,26.242987,18283.871,2024
2024-06-14,14.881501,2.3999999,18.0565,12.2065,74.206894,28.732422,49103.758,2024
2024-06-15,13.448169,2.6,17.3065,9.606501,73.30233,34.77868,46181.105,2024
2024-06-16,14.987751,0.1,19.8065,10.606501,68.3,23.277834,52647.07,2024
2024-06-17,15.827334,0.0,20.706501,9.856501,68.41728,17.114204,52378.95,2024
2024-06-18,16.364834,0.3,20.956501,11.4565,71.32134,15.484185,52960.895,2024
2024-06-19,15.158582,0.0,19.706501,11.4065,70.54069,22.89611,45466.74,2024
2024-06-20,15.356502,0.0,21.1565,8.106501,68.22979,13.104198,55057.824,2024
2024-06-21,16.964832,0.1,23.0065,10.3065,69.302795,25.537172,51984.977,2024
2024-06-22,17.389833,1.6000001,21.8065,13.606501,68.70031,17.294992,44534.92,2024
2024-06-23,17.781502,0.0,22.956501,10.6565,68.75141,10.805998,41029.234,2024
2024-06-24,20.479416,0.0,26.3065,14.0065,71.4108,14.33234,54795.875,2024
2024-06-25,20.783587,0.0,27.956501,12.9065,66.057335,18.129137,55000.23,2024
2024-06-26,21.627333,0.0,27.9065,14.3065,66.0658,18.388212,54972.56,2024
2024-06-27,19.646084,0.0,23.206501,15.0065,60.574696,26.009842,45544.246,2024
2024-06-28,16.81275,0.0,21.6065,12.0565,58.76498,25.922499,49986.83,2024
2024-06-29,17.477335,0.0,22.8065,10.1565,60.00842,7.5685663,45955.688,2024
2024-06-30,17.129417,0.3,19.8565,15.4565,62.742702,17.713316,15175.786,2024
2024-07-01,16.487751,0.1,19.3565,12.7065,63.239864,20.523155,16245.494,2024
2024-07-02,15.373168,0.1,17.6065,12.7565,66.45836,19.969458,8594.076,2024
2024-07-03,15.352336,1.6,18.456501,12.6565,72.67185,21.575987,0.0,2024
2024-07-04,15.941918,0.4,19.6565,12.3065,58.76503,30.821548,46856.46,2024
2024-07-05,16.216915,22.000002,20.956501,13.4065,82.682274,28.712116,7906.5264,2024
2024-07-06,14.694,10.300001,16.6565,11.7065,76.16897,29.69727,47772.383,2024
2024-07-07,13.552334,12.300001,17.5565,10.0565,77.76537,24.72495,43720.656,2024
2024-07-08,14.558583,4.6000004,18.456501,8.856501,81.14864,16.23596,22094.068,2024
2024-07-09,17.039835,18.3,19.9065,14.7065,88.79699,20.431387,454.95947,2024
2024-07-10,17.725248,0.2,20.5065,14.5565,75.63369,28.019936,44690.05,2024
2024-07-11,16.877333,0.3,21.3565,11.6565,70.40726,18.875126,49962.797,2024
2024-07-12,14.9315,0.0,17.6565,13.106501,73.74848,19.201874,12497.408,2024
2024-07-13,14.6814995,0.6,18.3565,10.9565,74.00042,14.277983,36033.984,2024
2024-07-14,15.9939995,0.1,20.8565,10.0565,75.70133,15.990646,47003.76,2024
2024-07-15,16.3565,7.0000005,21.5065,10.856501,82.852516,18.864824,25421.094,2024
2024-07-16,17.444,1.4000001,20.7565,13.9065,77.93179,19.486609,46886.043,2024
2024-07-17,17.56275,0.0,22.4065,11.6565,74.64976,14.336861,43534.52,2024
2024-07-18,19.316916,0.0,26.2565,12.0565,72.35052,17.581125,51971.816,2024
2024-07-19,22.289833,0.0,29.456501,14.5065,68.957954,14.799459,52413.16,2024
2024-07-20,19.927338,0.1,23.956501,15.6565,77.80245,19.803272,37280.03,2024
2024-07-21,19.129416,0.0,21.9065,16.456501,72.48672,15.484185,33889.355,2024
2024-07-22,18.385668,0.4,23.3065,12.7565,75.554214,30.58517,40638.605,2024
2024-07-23,19.264833,2.1000001,23.0565,16.706501,76.11193,20.163212,42299.8,2024
2024-07-24,18.683582,0.5,23.3565,13.9065,76.40398,21.434364,45185.902,2024
2024-07-25,17.883583,2.3,20.2565,15.8065,86.19266,26.518099,0.0,2024
2024-07-26,17.88775,0.0,21.9065,13.0065,70.37829,18.228943,49623.035,2024
2024-07-27,17.477333,0.0,22.0565,12.6565,67.77209,14.654254,50620.914,2024
2024-07-28,18.379416,0.0,24.6565,11.4065,70.76548,14.917212,50803.785,2024
2024-07-29,20.394003,0.0,27.0065,12.9065,64.71515,15.986595,50700.05,2024
2024-07-30,22.210665,0.0,29.1565,15.106501,65.33552,16.23596,50687.35,2024
2024-07-31,21.421082,0.3,26.5065,17.706501,64.42103,21.26744,50522.832,2024
2024-08-01,21.481499,7.7,27.0565,17.206501,74.31052,13.1041975,48610.03,2024
2024-08-02,21.139833,1.5000001,26.1065,16.7565,74.99849,19.523155,50210.305,2024
2024-08-03,20.179417,0.8,24.0065,16.956501,69.25061,21.175835,32704.516,2024
2024-08-04,17.33983,0.0,22.4065,12.356501,63.01527,17.208603,26189.023,2024
2024-08-05,19.098166,0.0,24.5565,13.7065,73.836815,20.65848,48744.543,2024
2024-08-06,18.935669,2.1999998,21.8565,15.4565,77.33448,22.38378,19192.936,2024
2024-08-07,17.077333,0.0,21.6065,11.5565,68.99177,23.990698,23535.49,2024
2024-08-08,17.619001,0.1,21.0065,12.356501,78.481544,33.77291,18242.463,2024
2024-08-09,20.446081,0.0,24.1065,16.3065,66.38888,26.493652,43831.96,2024
2024-08-10,19.0315,0.0,23.5565,13.9565,73.02328,24.798225,26667.236,2024
2024-08-11,20.933584,0.0,27.206501,15.2565,73.65781,21.434364,47621.887,2024
2024-08-12,24.341913,0.0,31.2565,18.2565,68.5133,20.008356,48997.094,2024
2024-08-13,19.696083,0.0,25.5065,13.7065,63.523037,19.376562,47843.11,2024
2024-08-14,19.858583,0.6,24.1065,16.5065,76.79377,11.27553,18391.793,2024
2024-08-15,18.741917,0.1,23.0565,13.356501,78.08356,33.90313,25452.951,2024
2024-08-16,19.529417,1.2,23.4065,15.9065,66.32992,20.46941,45959.56,2024
2024-08-17,17.169,0.0,22.1565,11.2565,62.056885,12.0694,47996.016,2024
2024-08-18,18.273167,0.0,24.956501,12.3065,64.51426,17.298738,46921.945,2024
2024-08-19,16.941917,1.7,21.3065,11.2065,73.811646,30.45566,27614.617,2024
2024-08-20,19.037752,0.3,22.3565,14.7565,67.212006,25.050413,44215.875,2024
2024-08-21,16.116919,0.1,19.956501,11.356501,63.390095,24.819122,24740.729,2024
2024-08-22,17.62525,0.70000005,19.8065,15.3065,78.01632,40.223457,3317.4307,2024
2024-08-23,18.816916,0.9,21.9065,15.8065,65.60439,37.372437,37551.74,2024
2024-08-24,15.625251,11.400001,17.6065,13.0065,81.97559,19.829433,8571.1,2024
2024-08-25,15.029419,0.0,19.6065,10.0065,69.93757,30.886656,37946.387,2024
2024-08-26,17.573168,0.0,22.0565,13.856501,72.06504,22.288042,44635.688,2024
2024-08-27,18.519,0.0,23.8065,14.4065,73.939095,22.206486,44507.695,2024
2024-08-28,19.9815,0.0,27.0565,12.606501,69.56666,17.782686,40124.29,2024
2024-08-29,17.148169,0.0,21.7565,12.356501,68.43794,18.416384,43886.67,2024
2024-08-30,16.27525,0.0,22.1065,10.7565,67.29751,18.25026,35198.79,2024
2024-08-31,17.041918,0.0,20.8065,13.0565,74.216064,29.427658,9537.183,2024
2024-09-01,20.644,0.0,26.8065,16.0065,80.37765,22.007162,43200.0,2024
2024-09-02,19.579416,1.4,23.0065,17.456501,85.57908,22.608458,8129.907,2024
2024-09-03,18.302334,2.9,21.7565,14.6565,82.45826,16.09969,40313.8,2024
2024-09-04,16.308584,0.5,19.0065,13.5065,73.72174,13.217443,42230.133,2024
2024-09-05,17.246082,9.3,21.3065,13.7065,86.39722,34.17157,5418.131,2024
2024-09-06,18.162752,9.400001,22.956501,15.4065,91.29774,19.171478,13668.692,2024
2024-09-07,16.544,6.2,20.956501,12.6565,88.27972,10.990322,13094.651,2024
2024-09-08,16.154417,8.799999,19.456501,13.7065,86.01193,13.679999,39475.055,2024
2024-09-09,15.202334,0.0,17.6065,12.5565,77.4672,26.282465,11570.898,2024
2024-09-10,14.239834,2.1999998,18.3565,10.5565,77.26935,32.15507,2545.663,2024
2024-09-11,11.20025,3.9,15.5065,8.0065,70.047455,30.124065,42546.492,2024
2024-09-12,9.764833,2.6,14.3065,6.4065,75.93342,17.10284,32619.758,2024
2024-09-13,10.748166,0.0,15.8065,5.6064997,68.83345,10.787993,42086.3,2024
2024-09-14,11.7315,0.0,18.6565,4.6565,73.11431,15.815435,41854.277,2024
2024-09-15,13.479416,1.5,19.206501,8.0065,81.12976,17.811815,29401.842,2024
2024-09-16,15.152335,0.0,19.7565,11.2565,74.99436,15.725037,41386.996,2024
2024-09-17,14.750249,0.0,20.456501,9.6565,73.80694,22.415602,41152.023,2024
2024-09-18,17.458582,0.0,22.956501,12.9065,76.67369,26.242987,38112.297,2024
2024-09-19,18.364832,0.1,23.956501,14.7065,78.927025,26.099379,39154.805,2024
2024-09-20,17.425251,4.3,22.3065,13.4565,79.98292,24.122686,28322.328,2024
2024-09-21,18.296083,0.4,22.956501,14.856501,80.303505,15.496736,40095.94,2024
2024-09-22,17.333586,18.800003,20.456501,15.106501,88.15695,16.981165,26477.72,2024
2024-09-23,15.748169,48.7,18.0065,14.7065,90.42368,23.708124,11081.521,2024
2024-09-24,14.641918,5.499999,16.3565,11.7565,80.68986,18.014393,11370.798,2024
2024-09-25,13.594001,10.0,17.0065,10.5565,82.054985,21.881662,17278.953,2024
2024-09-26,13.773167,13.100002,16.206501,11.856501,87.49853,29.852335,28804.455,2024
2024-09-27,10.719001,2.8999996,12.8065,7.5065,77.974075,29.250967,11071.159,2024
2024-09-28,9.185667,0.0,13.5565,4.4065,74.83489,15.771329,31958.643,2024
2024-09-29,10.939834,5.1000004,14.606501,6.1064997,72.08859,27.582321,18783.594,2024
2024-09-30,13.910665,11.700001,16.0565,11.8065,83.760056,32.382492,4809.145,2024
2024-10-01,12.439834,12.7,14.3065,10.5565,85.40092,27.540588,8064.732,2024
2024-10-02,13.7752495,1.0000001,17.0565,11.0565,83.27577,26.849579,28641.758,2024
2024-10-03,11.48775,0.0,15.4065,8.0065,79.71096,18.337044,36423.992,2024
2024-10-04,10.291917,0.0,16.0065,5.7064996,80.025246,11.103243,31830.445,2024
2024-10-05,11.585667,0.0,16.706501,6.0565,75.18992,18.606289,33305.273,2024
2024-10-06,13.700252,3.9999998,15.4565,11.606501,80.65896,23.664352,10966.836,2024
2024-10-07,14.096084,10.2,17.4065,11.5065,86.053154,20.718773,35755.047,2024
2024-10-08,14.13775,4.2999997,17.0565,12.106501,85.56226,26.974186,28800.0,2024
2024-10-09,13.794002,2.1000001,16.4065,12.4565,84.14425,22.12536,28387.66,2024
2024-10-10,9.585667,3.4,12.4565,4.1565,78.56983,21.535404,14001.657,2024
2024-10-11,7.0398335,0.0,12.0065,1.9065,77.983376,12.081473,34964.26,2024
2024-10-12,10.591917,3.4,14.8065,7.9564996,78.26606,21.90756,15190.337,2024
2024-10-13,7.948168,0.0,10.6565,4.7565,72.68159,21.611998,16467.258,2024
2024-10-14,10.171083,14.099999,13.0565,7.3564997,86.360115,24.604753,7989.7715,2024
2024-10-15,13.083583,0.2,16.7565,9.7565,91.29187,19.672773,1970.6044,2024
2024-10-16,17.2315,6.2,21.3565,14.356501,88.056526,24.591583,30460.453,2024
2024-10-17,14.8377495,2.7,17.3565,9.4065,86.36289,17.224598,21873.457,2024
2024-10-18,11.316917,0.6,16.1565,8.1565,89.60746,18.508516,22991.148,2024
2024-10-19,13.729419,7.2999997,16.3565,9.9065,86.1249,21.122215,22788.86,2024
2024-10-20,13.916916,3.6000001,17.4065,10.606501,87.26273,36.735878,0.0,2024
2024-10-21,12.479417,1.7,14.1565,9.9065,85.154625,23.686249,0.0,2024
2024-10-22,11.223167,0.2,15.7565,8.1565,89.132866,23.34455,31347.32,2024
2024-10-23,11.429417,0.2,16.206501,7.9065,90.97971,15.4642935,31050.79,2024
2024-10-24,12.535666,0.0,16.706501,9.606501,87.39039,17.490591,31898.023,2024
2024-10-25,13.864831,4.2000003,17.6065,10.606501,92.188995,15.898188,12627.053,2024
2024-10-26,11.612751,0.0,16.0065,8.356501,94.09846,11.34,14002.699,2024
2024-10-27,10.091917,0.0,14.2065,6.0065,88.07687,15.30741,31127.43,2024
2024-10-27,13.454419,0.5,15.8065,10.8065,87.736694,24.822384,5811.799,2024
2024-10-28,14.01275,0.6,15.5565,11.6565,90.322784,11.525623,10787.299,2024
2024-10-29,10.706501,0.0,14.356501,7.3564997,91.14155,9.208192,19920.139,2024
2024-10-30,9.6398325,0.0,14.2065,6.4564996,93.71915,8.043805,14421.695,2024
2024-10-31,10.064834,0.0,12.7065,7.2064996,91.19726,12.647482,14437.863,2024
2024-11-01,12.156501,0.1,14.356501,10.2565,88.12475,13.379461,0.0,2024
2024-11-02,11.985667,0.0,13.5565,10.9065,84.42515,14.241629,1098.2922,2024
2024-11-03,10.935666,0.0,12.6565,9.356501,85.480804,11.003581,8162.577,2024
2024-11-04,10.760666,0.0,13.1565,9.3065,89.77072,8.490582,17941.688,2024
2024-11-05,10.852334,0.0,12.3065,9.5565,91.11176,6.778141,536.1683,2024
2024-11-06,10.937751,0.0,12.606501,9.8065,88.46064,13.523978,4472.842,2024
2024-11-07,8.833584,0.2,10.2565,7.5565,83.69374,14.081478,0.0,2024
2024-11-08,7.9127483,0.0,9.1565,6.6565,80.53232,5.4744864,7173.3633,2024
2024-11-09,8.419002,0.0,11.2565,4.1565,90.34298,11.213581,6660.5654,2024
2024-11-10,9.039833,0.0,11.3065,5.7565,84.33893,14.677451,25426.701,2024
2024-11-11,8.744,0.0,12.1565,5.6565,81.57668,28.935244,25303.324,2024
2024-11-12,8.721084,0.0,11.2065,6.5565,84.57447,11.9466305,27325.7,2024
2024-11-13,9.450251,0.5,11.5065,6.8065,87.23321,11.276968,13193.943,2024
2024-11-14,8.189833,0.0,9.8065,6.6064997,82.05488,7.841888,25094.062,2024
2024-11-15,7.40025,0.6,10.606501,3.8565,90.56948,11.39842,246.84265,2024
2024-11-16,8.2315,0.5,9.7565,6.8564997,82.627396,14.264361,23638.791,2024
2024-11-17,7.0940003,9.200001,7.8065,5.3065,92.59844,13.149859,11736.688,2024
2024-11-18,4.508584,11.1,11.0565,1.2565,92.2337,20.447239,0.0,2024
2024-11-19,1.5106667,0.0,4.7565,-0.1935,76.48142,16.50709,26246.39,2024
2024-11-20,0.5273333,0.0,2.9565,-0.4935,85.48285,12.661564,5297.7666,2024
2024-11-21,2.9835835,1.5,6.2565,0.3565,76.6848,18.720863,25867.375,2024
2024-11-22,8.204416,9.7,14.106501,1.2065,85.64521,32.22201,0.0,2024
2024-11-23,15.998169,9.0,17.3065,13.3065,75.51046,32.847412,6981.801,2024
2024-11-24,10.2065,1.7000002,12.106501,7.0565,77.222084,17.791796,24403.393,2024
2024-11-25,6.939834,0.1,9.3065,5.2565,81.7299,11.966954,25050.514,2024
2024-11-26,6.029417,18.5,8.3065,2.9065,89.30955,18.921415,463.65353,2024
2024-11-27,2.3835835,0.0,4.7064996,0.4565,92.75397,8.373386,24780.256,2024
2024-11-28,6.121083,0.0,9.5065,3.2565,80.59261,11.638917,24478.873,2024
2024-11-29,11.337749,0.0,13.7065,7.7064996,90.92222,11.966953,10413.325,2024
2024-11-30,11.671082,2.2,13.2065,10.7065,91.97659,16.87398,426.661,2024
2024-12-01,9.073166,0.4,11.6565,7.6565,86.73682,17.468348,23589.777,2024
2024-12-02,5.77525,0.0,7.6064997,4.0565,85.00713,9.430694,13183.16,2024
2024-12-03,6.0419173,0.70000005,9.4065,2.5565,87.79758,18.268892,10036.158,2024
2024-12-04,11.779418,8.5,14.0565,9.2565,88.97268,29.335579,3259.2512,2024
2024-12-05,8.004416,0.3,10.4065,6.4065,73.237144,26.674637,23191.951,2024
2024-12-06,8.2065,6.2,12.5065,6.0565,80.44146,30.683004,0.0,2024
2024-12-07,7.058583,8.1,7.6565,6.5565,83.22873,28.483257,0.0,2024
2024-12-08,7.3627505,0.1,7.8065,6.9564996,81.10025,21.9718,3318.1194,2024
2024-12-09,6.7815,0.1,7.0065,6.1064997,80.255745,18.832163,0.0,2024
2024-12-10,6.2002506,0.1,6.6565,5.8564997,83.23436,15.048042,0.0,2024
2024-12-11,6.412749,0.2,7.2064996,5.2565,92.13296,9.3340025,0.0,2024
2024-12-12,5.216917,0.1,6.5565,3.8065,88.345406,6.792466,212.33665,2024
2024-12-13,5.3210835,0.3,7.6565,3.8065,87.31347,12.081473,16864.732,2024
2024-12-14,8.8315,0.0,11.5565,4.8564997,90.15045,17.615187,7270.1797,2024
2024-12-15,10.248166,0.2,11.0565,8.1565,82.99223,17.782688,17012.883,2024
2024-12-16,8.346084,0.0,10.5565,5.2064996,91.89001,17.076298,3600.0,2024
2024-12-17,12.589833,3.8000002,13.9065,10.3065,85.22364,28.814058,14400.0,2024
2024-12-18,6.889834,2.9999998,12.5065,4.4564996,79.5809,27.804028,22222.133,2024
2024-12-19,5.4065003,0.70000005,8.3065,2.5065,85.22661,15.552041,15633.168,2024
2024-12-20,8.127333,2.2999997,12.2565,4.7064996,86.72037,23.337608,5.509688,2024
2024-12-21,5.6565003,1.8000001,7.8065,4.2565,68.72488,24.552025,14468.465,2024
2024-12-22,5.22525,1.7,5.9564996,4.1064997,73.61036,20.999144,9735.885,2024
2024-12-23,9.260667,0.0,12.1565,6.1064997,96.38596,12.072083,3600.0,2024
2024-12-24,9.344001,0.0,10.2065,8.8065,93.871315,9.914717,0.0,2024
2024-12-25,7.4356685,0.0,8.7565,6.8065,92.93311,4.4274144,5833.249,2024
2024-12-26,6.5315,0.0,7.8065,6.1064997,95.77558,3.4949677,0.0,2024
2024-12-27,5.4273334,0.0,6.4065,4.7565,94.41108,8.320986,0.0,2024
2024-12-28,5.75025,0.0,7.1565,4.7565,92.83609,11.391313,7204.0537,2024
2024-12-29,7.352333,0.0,8.856501,6.3564997,89.55453,16.365158,11656.101,2024
2024-12-30,9.387751,0.0,11.106501,7.4564996,85.37554,24.697416,11954.097,2024
2024-12-31,9.033584,10.500001,11.7565,5.2565,87.02061,30.563978,0.0,2024
2025-01-01,2.0710833,0.0,4.3564997,-0.3935,86.02389,9.243311,23258.195,2025
2025-01-02,0.31691664,0.0,3.3565,-1.2435,85.95986,10.644379,23409.453,2025
2025-01-03,0.7544167,1.8,3.1565,-1.6435,88.00736,15.5395355,0.0,2025
2025-01-04,7.679417,23.5,12.5565,0.6565,93.974144,24.86868,0.0,2025
2025-01-05,7.283582,7.4,11.9565,2.4565,85.73032,31.623186,6457.372,2025
2025-01-06,2.4315,0.1,4.9065,0.7065,82.36462,13.324863,23254.432,2025
2025-01-07,0.5815,3.0,1.7565,-0.7435,93.01184,11.238113,3229.4531,2025
2025-01-08,0.9606666,0.6,3.0065,-0.8935,87.998375,11.705537,24089.404,2025
2025-01-09,-0.69350004,0.0,1.3565,-1.9935,89.92054,7.6473517,18136.303,2025
2025-01-10,-2.181,0.0,1.6065,-3.7435,94.252075,4.8366103,24420.682,2025
2025-01-11,-0.73099995,0.0,3.1565,-4.4935,92.09681,8.581677,9047.708,2025
2025-01-12,3.2794163,0.0,5.9065,1.5065,83.37211,10.9859,22707.332,2025
2025-01-13,5.22525,0.0,8.8065,2.4565,89.80575,11.778658,22989.836,2025
2025-01-14,8.652334,0.0,10.0065,7.6064997,95.82413,7.040739,0.0,2025
2025-01-15,7.433584,0.0,9.606501,6.0065,91.69903,10.837435,14407.197,2025
2025-01-16,5.3314996,0.0,6.4564996,3.5565,85.70655,8.12197,11094.4375,2025
2025-01-17,2.5815003,0.0,3.4065,2.1565,90.945435,7.4672885,1227.5992,2025
2025-01-18,2.5169165,0.2,3.3565,1.7565,84.212395,8.490582,0.0,2025
2025-01-19,3.552333,0.1,6.0065,2.1565,88.43592,8.581677,3923.055,2025
2025-01-20,2.2877502,0.0,4.9065,-0.9435,92.64359,7.3094187,2346.7705,2025
2025-01-21,3.2335832,1.0,4.3065,2.2565,93.37028,9.224011,0.0,2025
2025-01-22,4.6294165,4.7,8.2065,1.4565,87.950134,23.18579,4599.7725,2025
2025-01-23,8.943999,3.7999997,10.7565,6.4564996,74.1439,33.47129,7037.263,2025
2025-01-24,5.3835835,2.1,7.9564996,2.7065,80.55306,12.815443,23722.105,2025
2025-01-25,4.839833,8.3,8.856501,1.6065,83.02929,30.163296,0.0,2025
2025-01-26,7.57525,9.000002,9.356501,6.8065,79.567184,28.271463,24358.238,2025
2025-01-27,8.3815,3.9999998,9.5065,7.2565,82.83938,24.757034,11964.066,2025
2025-01-28,6.03775,0.2,7.7565,3.9565,86.152565,16.263872,9626.887,2025
2025-01-29,4.6044164,0.0,7.5065,1.9065,78.65595,13.207634,27757.254,2025
2025-01-30,5.2398334,3.5,8.0065,2.1065,90.90841,17.688606,7949.422,2025
2025-01-31,5.166917,0.0,6.9065,2.7565,85.87643,10.594036,2522.0615,2025
2025-02-01,3.377333,0.0,7.5065,-0.3935,84.79596,9.6480665,28689.838,2025
2025-02-02,4.11275,0.0,7.8065,-1.1935,92.85561,11.328566,1329.0219,2025
2025-02-03,8.21275,0.2,10.106501,6.0565,87.258705,20.693735,5118.2065,2025
2025-02-04,5.8606677,0.0,9.0565,2.4565,84.15298,11.770403,24689.65,2025
2025-02-05,3.8585835,0.0,7.2565,0.6565,83.7509,16.42346,29232.744,2025
2025-02-06,3.4544172,4.6000004,3.9565,2.5565,85.538635,22.7057,3322.9045,2025
2025-02-07,4.710666,2.2,6.2064996,3.3565,90.16854,14.138882,0.0,2025
2025-02-08,3.4085836,1.0,5.8065,1.3065,90.268974,14.689588,0.0,2025
2025-02-09,3.56275,3.5,4.6064997,2.4565,89.385506,17.339897,0.0,2025
2025-02-10,3.7273333,0.0,5.0065,2.5565,88.162834,11.190442,0.0,2025
2025-02-11,4.358583,0.2,6.0065,3.1565,84.794334,9.567131,4934.2773,2025
2025-02-12,3.45025,0.2,4.7064996,2.3565,81.4179,11.019764,1084.7101,2025
2025-02-13,2.4752498,0.0,4.8564997,0.8565,75.436134,14.438198,30192.473,2025
2025-02-14,3.1710835,0.90000004,5.5565,1.7565,83.96007,10.132897,0.0,2025
2025-02-15,2.76275,0.0,4.3065,2.0065,78.735,17.134071,11974.158,2025
2025-02-16,1.7210832,0.0,5.1064997,-0.4935,75.71307,12.371645,32056.66,2025
2025-02-17,2.4106667,0.0,6.3065,-0.0935,76.74384,12.241323,32308.268,2025
2025-02-18,4.529417,0.0,7.7565,1.3565,79.77107,10.805999,14078.976,2025
2025-02-19,11.03775,3.0999997,12.8065,7.9065,91.359924,23.469128,0.0,2025
2025-02-20,12.735667,5.3000007,15.0065,11.106501,86.40841,21.457026,22559.914,2025
2025-02-21,10.3898325,6.099999,12.9065,7.8564997,86.894104,12.144331,15683.436,2025
2025-02-22,9.029418,1.4000001,10.8065,6.6064997,86.64538,25.20257,8889.723,2025
2025-02-23,10.466916,13.800001,12.4565,7.6565,85.72295,25.704731,18452.16,2025
2025-02-24,8.129417,0.8000001,10.356501,5.3564997,80.26939,12.039833,25200.0,2025
2025-02-25,5.4752507,5.799999,7.8065,3.2065,86.80322,23.853226,9661.734,2025
2025-02-26,5.587751,0.0,9.1565,3.2065,75.293846,15.876775,34226.88,2025
2025-02-27,4.6773343,0.0,8.8065,0.8565,76.66308,7.42159,34763.164,2025
2025-02-28,4.033583,0.0,8.7565,0.056500003,84.24096,7.5213294,33974.47,2025
2025-03-01,3.6523335,0.0,8.7065,-1.2435,85.32,6.2613096,30569.277,2025
2025-03-02,4.319,0.0,10.2565,-0.7935,81.43348,4.9785542,35422.117,2025
2025-03-03,5.32525,0.0,10.856501,0.7565,78.50843,9.7880945,35729.6,2025
2025-03-04,6.4065,0.0,12.856501,1.0065,77.12335,8.36758,35896.586,2025
2025-03-05,9.446083,0.0,15.8065,4.5565,68.783775,12.251905,35577.61,2025
2025-03-06,12.229417,0.0,16.0065,9.6565,73.87077,12.758432,36019.55,2025
2025-03-07,11.191916,0.0,15.8065,7.0065,70.64872,11.203464,36682.01,2025
2025-03-08,10.923167,0.0,16.1565,7.1064997,72.289215,10.966713,36961.465,2025
2025-03-09,9.210668,0.4,13.7565,6.8564997,79.42094,14.747921,15578.199,2025
2025-03-10,6.460666,0.4,8.1565,4.1565,73.76368,17.22742,21724.012,2025
2025-03-11,4.4189997,4.0,7.4065,2.0565,79.269936,10.308831,34816.3,2025
2025-03-12,3.7502499,0.7,7.1064997,1.5065,82.264015,16.011908,17800.98,2025
2025-03-13,3.6294167,0.4,7.9065,0.0065,82.023926,13.337016,36755.973,2025
2025-03-14,3.9731667,0.2,7.7064996,0.9065,69.8977,18.102308,38112.348,2025
2025-03-15,3.8981667,0.0,8.0065,-0.3435,74.18454,17.429354,32353.725,2025
2025-03-16,5.8231664,0.3,8.106501,3.9565,79.12881,15.655861,11391.0,2025
2025-03-17,5.6773334,0.0,10.0565,2.3565,69.0866,14.759999,39225.164,2025
2025-03-18,8.523167,0.0,16.5065,1.9065,72.40508,8.656858,38309.75,2025
2025-03-19,12.373166,0.0,19.1565,5.6565,70.33683,10.441552,39529.31,2025
2025-03-20,13.058583,0.8000001,17.0565,9.5065,69.09099,14.438198,24985.387,2025
2025-03-21,12.929416,1.4000001,15.5065,10.9565,81.99694,12.362475,21401.639,2025
2025-03-22,10.83775,2.7999997,14.6565,8.1565,88.00745,15.978486,7219.9404,2025
2025-03-23,9.32525,0.0,12.6565,7.0565,76.24833,12.673074,28029.455,2025
2025-03-24,10.121084,0.2,14.4565,4.8564997,81.93839,11.712454,26332.629,2025
2025-03-25,11.998166,0.3,15.5565,9.3065,75.05074,9.292255,34632.715,2025
2025-03-26,10.064834,0.0,14.856501,5.7565,81.3267,11.9466305,40554.434,2025
2025-03-27,10.121083,0.8,14.2065,7.4065,71.68075,16.341383,24918.154,2025
2025-03-28,8.631499,0.0,13.606501,3.6565,62.7261,17.57744,40451.996,2025
2025-03-29,12.187752,0.0,15.856501,9.5565,64.569786,19.987295,42373.727,2025
2025-03-31,10.61275,0.0,16.3065,5.8564997,61.768646,10.801499,42591.67,2025
2025-04-01,9.166917,0.0,13.6565,5.3564997,67.98718,19.839235,42725.508,2025
2025-04-02,11.102333,0.0,15.9065,7.2565,60.437496,22.06377,42859.387,2025
2025-04-03,13.239834,0.0,18.5565,8.7565,61.113316,16.902758,39085.035,2025
2025-04-04,14.841916,0.0,21.4065,10.106501,56.328663,16.284779,39600.0,2025
2025-04-05,11.325252,0.0,17.8065,6.4564996,54.556046,17.975681,43298.54,2025
2025-04-06,9.852334,0.0,15.2065,6.2565,54.48224,15.743571,43306.773,2025
2025-04-07,9.302333,0.0,14.9565,4.1565,55.469868,11.755254,43378.53,2025
2025-04-08,9.858583,0.0,16.0065,4.1064997,55.5665,11.45513,42359.68,2025
2025-04-09,8.987749,0.0,13.5065,3.8565,61.06751,13.783817,43444.777,2025
2025-04-10,10.621082,0.0,16.0065,5.4065,61.23517,10.44,43621.65,2025
2025-04-11,14.346086,0.0,22.5565,6.4065,55.756,10.4166975,44047.746,2025
2025-04-12,15.333584,0.0,22.206501,8.0065,49.840057,12.522619,38493.75,2025
2025-04-13,13.704415,0.3,16.5065,11.0065,56.923294,16.575644,37373.652,2025
2025-04-14,11.316917,0.1,15.106501,6.3564997,65.25031,17.552536,31924.973,2025
2025-04-15,12.683583,9.8,17.456501,9.9065,77.25948,17.94411,22536.38,2025
2025-04-16,11.073167,0.2,14.9065,8.4565,58.223705,25.113064,44678.15,2025
2025-04-17,11.679417,0.0,17.3565,5.7565,57.7816,12.168319,45556.543,2025
2025-04-18,12.973167,0.1,16.9065,9.106501,57.656887,21.335884,19484.018,2025
2025-04-19,12.5815,0.2,16.0065,8.0565,57.004658,19.90852,30926.502,2025
2025-04-20,10.133584,0.0,15.3065,5.4065,67.03694,13.437455,43807.742,2025
2025-04-21,12.158585,3.6999998,16.1065,9.6565,72.81419,11.679213,20428.865,2025
2025-04-22,11.923167,0.0,17.3565,6.9065,64.125595,15.444377,43100.38,2025
2025-04-23,10.083583,9.5,11.9065,8.356501,77.34069,20.138292,13878.353,2025
2025-04-24,11.021083,0.0,14.6565,7.3564997,73.20106,10.028439,37249.133,2025
2025-04-25,10.602334,0.0,15.2565,5.9564996,75.22849,11.367109,46924.1,2025
2025-04-26,12.375249,0.0,17.0565,8.106501,72.58314,10.261578,42640.668,2025
2025-04-27,14.843999,0.0,20.6565,8.0065,62.40584,8.863972,41864.62,2025
2025-04-28,17.189833,0.0,23.956501,10.1565,51.842255,13.926464,48750.07,2025
2025-04-29,16.885668,0.0,23.0065,10.5565,46.542297,12.287555,48951.473,2025
2025-04-30,17.773169,0.0,25.8565,9.6565,53.812714,12.425216,49150.81,2025
2025-05-01,20.698168,0.0,28.5065,11.7565,47.290905,11.753877,44463.004,2025
2025-05-02,19.735666,1.5,25.3565,14.8065,55.36659,11.792404,47943.668,2025
2025-05-03,14.721085,0.0,21.3065,10.856501,60.27963,19.937794,40593.734,2025
2025-05-04,10.291917,0.0,13.3065,7.5565,59.49065,19.05281,43263.97,2025
2025-05-05,9.391915,0.9000001,13.4065,5.1064997,61.566067,25.100157,29074.06,2025
2025-05-06,10.066916,0.1,13.9065,6.3065,63.01396,15.233148,36856.434,2025
2025-05-07,11.171085,0.0,16.6065,6.0065,62.644165,17.194475,38871.273,2025
2025-05-08,11.92525,0.0,15.8065,8.5565,61.228973,16.344357,43446.06,2025
2025-05-09,12.773167,0.0,18.0565,6.1565,53.451527,16.546299,50400.0,2025
2025-05-10,15.864834,0.0,22.5565,9.106501,49.010284,17.100946,50403.582,2025
2025-05-11,17.87317,0.0,23.956501,11.0065,52.346706,14.092978,50451.977,2025
2025-05-12,18.104416,4.7,23.0065,13.8065,68.004524,15.841022,48726.086,2025
2025-05-13,17.764833,0.0,23.4065,12.856501,56.821407,15.156386,50405.91,2025
2025-05-14,15.879417,0.0,22.5565,9.1565,52.093185,16.584438,50597.746,2025
2025-05-15,12.2315,0.0,15.1565,8.6565,66.313194,18.954777,13977.404,2025
2025-05-16,13.183583,0.0,18.5565,7.6565,63.214855,14.602204,50838.76,2025
2025-05-17,14.058582,0.0,18.6565,8.9565,60.132477,13.849477,41832.45,2025
2025-05-18,13.506499,0.0,17.7565,9.3065,63.63722,12.855831,47186.47,2025
2025-05-19,14.648168,0.2,19.5565,10.4565,59.97804,14.949756,46011.637,2025
2025-05-20,16.091917,0.0,22.5565,9.106501,48.760723,11.5115595,46171.53,2025
2025-05-21,14.9835825,3.0000002,17.956501,12.0065,58.36439,14.915039,29206.209,2025
2025-05-22,11.883583,0.0,14.606501,8.1565,65.5771,11.844492,35854.36,2025
2025-05-23,12.808585,0.1,18.3565,6.7565,59.73498,16.341381,37790.977,2025
2025-05-24,16.494,6.0,21.3065,12.356501,76.16172,20.728155,10800.0,2025
2025-05-25,16.564835,1.0000001,19.6065,13.5065,61.960407,23.197662,48405.914,2025
2025-05-26,14.637752,0.0,18.0065,11.1565,62.279995,23.148027,26855.338,2025
2025-05-27,15.41275,6.5999994,16.8565,13.356501,79.64182,26.072052,1941.8412,2025
2025-05-28,17.010668,1.1,20.206501,13.9065,66.37428,19.603477,51690.375,2025
2025-05-29,18.12525,2.1,24.0565,13.7065,71.289925,23.67325,27740.395,2025
2025-05-30,18.991917,0.2,24.8565,14.9065,68.09933,15.215058,31152.979,2025
2025-05-31,20.939833,0.0,27.456501,16.456501,58.85031,17.570988,38727.684,2025
2025-06-01,17.5315,0.0,21.5065,14.0565,54.357956,21.531641,49394.816,2025
2025-06-02,16.733583,0.4,21.8065,12.356501,49.738956,17.9973,53520.6,2025
2025-06-03,14.402333,3.6999998,17.4065,11.7565,74.350044,25.614449,24498.875,2025
2025-06-04,14.464835,0.1,18.0565,10.5065,65.4891,19.023878,44315.67,2025
2025-06-05,14.029418,9.199999,16.706501,12.4565,81.59978,23.433899,1208.4501,2025
2025-06-06,14.941917,0.9,18.9065,10.9065,66.61961,20.176065,48077.723,2025
2025-06-07,13.371083,13.5,17.5565,11.1565,81.56783,17.401447,21320.129,2025
2025-06-08,13.439835,0.0,17.1065,9.2065,64.06274,18.22361,48132.42,2025
2025-06-09,15.275249,0.0,19.7565,10.9065,67.973854,16.755476,37468.277,2025
2025-06-10,17.57525,0.2,22.0065,13.0565,67.26569,18.03237,31580.143,2025
2025-06-11,17.473167,0.2,23.206501,12.7565,68.583626,15.84,32983.812,2025
2025-06-12,19.627333,0.8,24.956501,14.1565,66.461174,15.018949,49563.3,2025
2025-06-13,22.7815,0.6,28.5565,16.5565,58.48239,13.374618,46978.71,2025
2025-06-14,20.187748,4.6,23.5065,16.3065,62.841053,20.168034,54026.72,2025
2025-06-15,18.258585,0.2,23.5065,13.2065,61.568913,16.24394,51376.605,2025
2025-06-16,20.8315,0.0,27.3065,14.7065,55.612797,12.7279215,55002.74,2025
2025-06-17,21.408583,0.0,26.8065,15.356501,53.65837,14.356058,54501.215,2025
2025-06-18,22.758583,0.0,28.7565,15.9065,50.459843,9.9,54439.926,2025
2025-06-19,25.32525,0.0,31.956501,18.8565,45.012646,17.703253,55049.58,2025
2025-06-20,23.398165,0.0,28.8065,17.5065,53.61711,12.605142,51475.46,2025
2025-06-21,25.494001,0.0,31.5065,18.4065,44.12312,14.438198,55054.285,2025
2025-06-22,22.083586,0.0,26.8065,17.6065,55.491684,24.24928,39106.285,2025
2025-06-23,18.908583,0.4,22.706501,16.206501,51.884724,20.774214,53543.258,2025
2025-06-24,19.279417,0.3,24.4065,14.0565,67.205025,23.183693,31971.973,2025
2025-06-25,21.435667,0.0,27.3565,16.3565,64.95392,12.483749,44934.414,2025
2025-06-26,20.210667,3.6999998,24.1065,17.5065,63.661724,22.90531,45934.75,2025
2025-06-27,19.977331,1.8,26.9065,13.8065,64.65247,19.734436,53087.594,2025
2025-06-28,23.287748,0.1,30.1065,18.5065,68.68981,17.148247,30759.373,2025
2025-06-29,23.656502,0.0,29.7565,18.0565,60.450012,14.813682,44769.082,2025
2025-06-30,25.710669,0.0,31.9065,18.706501,53.95107,12.182955,54692.008,2025
2025-07-01,,,25.706501,25.1565,,5.7628117,,2025
2025-07-02,,,,,,,,2025
